TransactionID,TransactionDT,TransactionAmt,ProductCD,card1,card2,card3,card4,card5,card6,addr1,addr2,dist1,dist2,P_emaildomain,R_emaildomain,C1,C2,C3,C4,C5,C6,C7,C8,C9,C10,C11,C12,C13,C14,D1,D2,D3,D4,D5,D6,D7,D8,D9,D10,D11,D12,D13,D14,D15,M1,M2,M3,M4,M5,M6,M7,M8,M9,V1,V2,V3,V4,V5,V6,V7,V8,V9,V10,V11,V12,V13,V14,V15,V16,V17,V18,V19,V20,V21,V22,V23,V24,V25,V26,V27,V28,V29,V30,V31,V32,V33,V34,V35,V36,V37,V38,V39,V40,V41,V42,V43,V44,V45,V46,V47,V48,V49,V50,V51,V52,V53,V54,V55,V56,V57,V58,V59,V60,V61,V62,V63,V64,V65,V66,V67,V68,V69,V70,V71,V72,V73,V74,V75,V76,V77,V78,V79,V80,V81,V82,V83,V84,V85,V86,V87,V88,V89,V90,V91,V92,V93,V94,V95,V96,V97,V98,V99,V100,V101,V102,V103,V104,V105,V106,V107,V108,V109,V110,V111,V112,V113,V114,V115,V116,V117,V118,V119,V120,V121,V122,V123,V124,V125,V126,V127,V128,V129,V130,V131,V132,V133,V134,V135,V136,V137,V138,V139,V140,V141,V142,V143,V144,V145,V146,V147,V148,V149,V150,V151,V152,V153,V154,V155,V156,V157,V158,V159,V160,V161,V162,V163,V164,V165,V166,V167,V168,V169,V170,V171,V172,V173,V174,V175,V176,V177,V178,V179,V180,V181,V182,V183,V184,V185,V186,V187,V188,V189,V190,V191,V192,V193,V194,V195,V196,V197,V198,V199,V200,V201,V202,V203,V204,V205,V206,V207,V208,V209,V210,V211,V212,V213,V214,V215,V216,V217,V218,V219,V220,V221,V222,V223,V224,V225,V226,V227,V228,V229,V230,V231,V232,V233,V234,V235,V236,V237,V238,V239,V240,V241,V242,V243,V244,V245,V246,V247,V248,V249,V250,V251,V252,V253,V254,V255,V256,V257,V258,V259,V260,V261,V262,V263,V264,V265,V266,V267,V268,V269,V270,V271,V272,V273,V274,V275,V276,V277,V278,V279,V280,V281,V282,V283,V284,V285,V286,V287,V288,V289,V290,V291,V292,V293,V294,V295,V296,V297,V298,V299,V300,V301,V302,V303,V304,V305,V306,V307,V308,V309,V310,V311,V312,V313,V314,V315,V316,V317,V318,V319,V320,V321,V322,V323,V324,V325,V326,V327,V328,V329,V330,V331,V332,V333,V334,V335,V336,V337,V338,V339,id_01,id_02,id_03,id_04,id_05,id_06,id_07,id_08,id_09,id_10,id_11,id_12,id_13,id_14,id_15,id_16,id_17,id_18,id_19,id_20,id_21,id_22,id_23,id_24,id_25,id_26,id_27,id_28,id_29,id_30,id_31,id_32,id_33,id_34,id_35,id_36,id_37,id_38,DeviceType,DeviceInfo
3481470,12927182,25.0,S,18227,583.0,150.0,visa,226.0,credit,181.0,87.0,,436.0,,icloud.com,4.0,2.0,0.0,1.0,0.0,0.0,0.0,6.0,0.0,1.0,1.0,0.0,7.0,3.0,153.0,153.0,6.0,,,169.0,6.0,6.583333015441895,0.5833330154418945,169.0,,,,169.0,169.0,,,,,,,,,,,,,,,,,,,,,0.0,0.0,1.0,0.0,0.0,1.0,2.0,0.0,0.0,1.0,1.0,1.0,2.0,1.0,1.0,0.0,0.0,0.0,0.0,1.0,1.0,0.0,0.0,,,,,,,,,,,,,,,,,,,0.0,0.0,1.0,1.0,0.0,0.0,1.0,1.0,0.0,0.0,1.0,1.0,1.0,1.0,1.0,0.0,0.0,0.0,1.0,1.0,0.0,0.0,0.0,0.0,1.0,1.0,0.0,1.0,2.0,0.0,0.0,1.0,1.0,1.0,2.0,1.0,0.0,0.0,0.0,1.0,1.0,0.0,0.0,2.0,2.0,0.0,1.0,1.0,0.0,0.0,0.0,0.0,1.0,1.0,1.0,1.0,1.0,1.0,1.0,1.0,1.0,1.0,2.0,2.0,1.0,1.0,1.0,1.0,1.0,1.0,1.0,2.0,2.0,0.0,50.0,50.0,0.0,25.0,25.0,0.0,0.0,0.0,0.0,25.0,25.0,0.0,0.0,0.0,0.0,0.0,0.0,0.0,1.0,0.0,0.0,0.0,0.0,2.0,1.0,1.0,0.0,0.0,0.0,0.0,0.0,0.0,0.0,45.0,0.0,0.0,0.0,0.0,0.0,0.0,0.0,2.0,0.0,2.0,3.0,0.0,0.0,1.0,1.0,1.0,0.0,0.0,0.0,1.0,0.0,1.0,1.0,1.0,1.0,1.0,1.0,1.0,1.0,1.0,1.0,1.0,1.0,1.0,1.0,1.0,1.0,1.0,1.0,2.0,2.0,0.0,50.0,50.0,0.0,0.0,25.0,25.0,25.0,25.0,0.0,0.0,0.0,0.0,25.0,25.0,0.0,3.0,2.0,0.0,0.0,0.0,0.0,2.0,1.0,0.0,0.0,1.0,2.0,1.0,0.0,0.0,0.0,1.0,0.0,1.0,1.0,0.0,0.0,1.0,1.0,1.0,1.0,1.0,0.0,1.0,1.0,1.0,1.0,0.0,0.0,1.0,1.0,1.0,0.0,0.0,1.0,2.0,0.0,1.0,3.0,2.0,0.0,70.0,50.0,0.0,45.0,25.0,0.0,0.0,0.0,0.0,0.0,0.0,0.0,0.0,25.0,25.0,0.0,1.0,0.0,0.0,0.0,0.0,2.0,0.0,1.0,0.0,0.0,1.0,2.0,1.0,0.0,0.0,0.0,0.0,0.0,0.0,0.0,0.0,0.0,1.0,2.0,1.0,1.0,0.0,45.0,25.0,0.0,45.0,0.0,25.0,0.0,0.0,0.0,0.0,0.0,0.0,0.0,0.0,0.0,0.0,3.0,2.0,0.0,2.0,1.0,0.0,1.0,1.0,0.0,70.0,50.0,0.0,45.0,25.0,0.0,25.0,25.0,0.0,474.0,,,0.0,0.0,,,0.0,0.0,100.0,Found,,-300.0,New,NotFound,166.0,,350.0,277.0,,,,,,,,Found,Found,Windows 7,ie 11.0 for desktop,24.0,1600x900,match_status:2,T,T,T,T,desktop,Trident/7.0
3456622,12101930,144.158,C,17697,555.0,133.0,visa,137.0,debit,,,,,gmail.com,gmail.com,5.0,7.0,0.0,2.0,0.0,2.0,2.0,1.0,0.0,1.0,2.0,2.0,0.0,0.0,1.0,,1.0,0.0,0.0,0.0,0.0,13.041666030883787,0.0416660010814666,0.0,,0.0,0.0,0.0,0.0,,,,M0,,,,,,,,,,,,,,,,,0.0,0.0,1.0,1.0,1.0,1.0,1.0,1.0,1.0,1.0,1.0,1.0,1.0,1.0,1.0,0.0,0.0,0.0,0.0,1.0,1.0,1.0,1.0,0.0,0.0,4.0,4.0,1.0,1.0,1.0,1.0,1.0,4.0,4.0,1.0,1.0,0.0,0.0,1.0,1.0,1.0,0.0,0.0,2.0,2.0,1.0,1.0,1.0,1.0,1.0,1.0,1.0,1.0,1.0,1.0,1.0,0.0,0.0,0.0,1.0,1.0,1.0,1.0,0.0,0.0,4.0,4.0,1.0,1.0,1.0,1.0,1.0,1.0,1.0,4.0,4.0,1.0,0.0,0.0,0.0,1.0,1.0,1.0,0.0,0.0,0.0,0.0,0.0,0.0,0.0,0.0,0.0,0.0,0.0,0.0,1.0,1.0,1.0,1.0,1.0,1.0,1.0,1.0,1.0,1.0,1.0,1.0,1.0,1.0,1.0,1.0,1.0,1.0,1.0,0.0,0.0,0.0,0.0,0.0,0.0,0.0,0.0,0.0,0.0,0.0,0.0,,,,,,,,,,,,,,,,,,,,,,,,,,,,,,3.0,3.0,0.0,4.0,4.0,0.0,0.0,0.0,0.0,4.0,3.0,3.0,3.0,0.0,0.0,0.0,0.0,0.0,0.0,2.0,2.0,3.0,3.0,4.0,1.0,1.0,1.0,1.0,1.0,1.0,1.0,1.0,4.0,4.0,4.0,432.47369384765625,432.47369384765625,432.47369384765625,0.0,0.0,0.0,0.0,0.0,0.0,432.47369384765625,432.47369384765625,432.47369384765625,0.0,0.0,0.0,3.0,3.0,3.0,0.0,4.0,4.0,0.0,0.0,0.0,0.0,0.0,4.0,4.0,4.0,3.0,3.0,3.0,0.0,0.0,0.0,0.0,0.0,0.0,1.0,1.0,2.0,2.0,3.0,3.0,4.0,1.0,1.0,1.0,1.0,1.0,1.0,1.0,1.0,1.0,1.0,4.0,4.0,4.0,1.0,1.0,1.0,432.47369384765625,432.47369384765625,432.47369384765625,0.0,0.0,0.0,0.0,0.0,0.0,0.0,432.47369384765625,432.47369384765625,432.47369384765625,0.0,0.0,0.0,1.0,1.0,0.0,2.0,2.0,0.0,0.0,0.0,0.0,0.0,0.0,2.0,2.0,2.0,0.0,0.0,0.0,1.0,1.0,1.0,1.0,1.0,1.0,1.0,1.0,1.0,1.0,125.61900329589844,125.61900329589844,125.61900329589844,0.0,0.0,0.0,0.0,0.0,0.0,0.0,0.0,0.0,0.0,125.61900329589844,125.61900329589844,125.61900329589844,,,,,,,,,,,,,,,,,,,-10.0,48134.0,-6.0,-11.0,0.0,0.0,,,-6.0,-11.0,100.0,NotFound,52.0,,Found,Found,225.0,,427.0,507.0,,,,,,,,Found,Found,,chrome 65.0,,,,F,F,T,F,desktop,Windows
3481071,12887249,44.266,C,9633,130.0,185.0,visa,138.0,debit,,,,,gmail.com,gmail.com,340.0,639.0,0.0,92.0,0.0,92.0,92.0,121.0,0.0,112.0,145.0,145.0,13.0,12.0,0.0,,,0.0,0.0,0.0,0.0,8.125,0.125,0.0,,0.0,8.0,33.0,0.0,,,,M2,,,,,,,,,,,,,,,,,0.0,0.0,1.0,1.0,1.0,1.0,1.0,1.0,1.0,1.0,1.0,1.0,1.0,1.0,1.0,0.0,0.0,0.0,0.0,1.0,1.0,1.0,1.0,0.0,0.0,10.0,10.0,1.0,1.0,1.0,1.0,1.0,8.0,8.0,3.0,3.0,0.0,0.0,1.0,3.0,3.0,0.0,0.0,1.0,1.0,1.0,1.0,1.0,1.0,1.0,1.0,1.0,1.0,1.0,1.0,1.0,0.0,0.0,0.0,1.0,1.0,1.0,1.0,0.0,0.0,7.0,7.0,1.0,1.0,1.0,1.0,1.0,1.0,1.0,7.0,7.0,1.0,0.0,0.0,0.0,1.0,1.0,1.0,0.0,0.0,0.0,0.0,0.0,0.0,0.0,0.0,0.0,0.0,0.0,0.0,1.0,1.0,1.0,1.0,1.0,1.0,1.0,1.0,1.0,1.0,1.0,1.0,1.0,1.0,1.0,1.0,1.0,1.0,1.0,0.0,0.0,0.0,0.0,0.0,0.0,0.0,0.0,0.0,0.0,0.0,0.0,,,,,,,,,,,,,,,,,,,,,,,,,,,,,,7.0,7.0,0.0,4.0,4.0,0.0,0.0,0.0,0.0,8.0,7.0,11.0,7.0,0.0,0.0,0.0,0.0,0.0,0.0,4.0,4.0,2.0,2.0,8.0,2.0,2.0,2.0,1.0,1.0,1.0,1.0,1.0,8.0,3.0,3.0,310.22808837890625,354.3092041015625,310.22808837890625,0.0,0.0,0.0,0.0,0.0,0.0,310.22808837890625,354.3092041015625,310.22808837890625,0.0,0.0,0.0,7.0,15.0,11.0,0.0,2.0,2.0,0.0,0.0,0.0,0.0,0.0,8.0,16.0,12.0,7.0,15.0,11.0,0.0,0.0,0.0,0.0,0.0,0.0,1.0,1.0,4.0,4.0,4.0,2.0,8.0,2.0,2.0,2.0,1.0,1.0,1.0,1.0,1.0,1.0,1.0,8.0,10.0,2.0,1.0,2.0,2.0,310.22808837890625,442.9638977050781,398.8828125,0.0,0.0,0.0,0.0,0.0,0.0,0.0,310.22808837890625,442.9638977050781,398.8828125,0.0,0.0,0.0,0.0,0.0,0.0,1.0,1.0,0.0,0.0,0.0,0.0,0.0,0.0,1.0,1.0,1.0,0.0,0.0,0.0,0.0,0.0,0.0,0.0,0.0,0.0,1.0,1.0,1.0,1.0,0.0,0.0,0.0,0.0,0.0,0.0,0.0,0.0,0.0,0.0,0.0,0.0,0.0,0.0,0.0,0.0,,,,,,,,,,,,,,,,,,,-10.0,37246.0,4.0,0.0,-6.0,-12.0,,,4.0,0.0,100.0,NotFound,52.0,,Found,Found,225.0,,290.0,315.0,,,,,,,,Found,Found,,chrome 65.0,,,,F,F,T,F,desktop,
3458851,12179439,50.0,S,6741,583.0,150.0,visa,195.0,credit,330.0,87.0,,25.0,,hotmail.com,3.0,1.0,1.0,3.0,0.0,0.0,0.0,4.0,0.0,2.0,2.0,0.0,41.0,3.0,566.0,566.0,11.0,,,349.0,3.0,193.9583282470703,0.9583330154418944,567.0,,,193.0,349.0,193.0,,,,,,,,,,,,,,,,,,,,,0.0,0.0,1.0,0.0,0.0,1.0,1.0,1.0,1.0,1.0,1.0,1.0,1.0,0.0,0.0,0.0,0.0,0.0,0.0,1.0,1.0,0.0,0.0,,,,,,,,,,,,,,,,,,,0.0,0.0,1.0,1.0,0.0,0.0,1.0,1.0,1.0,1.0,1.0,1.0,1.0,0.0,0.0,0.0,0.0,0.0,1.0,1.0,0.0,0.0,0.0,0.0,1.0,1.0,0.0,1.0,1.0,0.0,0.0,1.0,1.0,1.0,1.0,1.0,0.0,0.0,0.0,1.0,1.0,0.0,0.0,8.0,1.0,0.0,8.0,1.0,0.0,0.0,0.0,0.0,0.0,0.0,1.0,1.0,1.0,1.0,1.0,1.0,1.0,1.0,1.0,1.0,1.0,1.0,1.0,1.0,1.0,1.0,1.0,2.0,2.0,0.0,585.0,50.0,0.0,585.0,50.0,0.0,0.0,0.0,0.0,0.0,0.0,0.0,0.0,0.0,0.0,0.0,0.0,0.0,0.0,0.0,0.0,0.0,0.0,1.0,1.0,1.0,0.0,0.0,0.0,0.0,0.0,0.0,0.0,335.0,0.0,0.0,0.0,0.0,0.0,0.0,0.0,0.0,0.0,0.0,0.0,0.0,0.0,0.0,0.0,1.0,0.0,0.0,0.0,0.0,0.0,0.0,0.0,0.0,0.0,1.0,1.0,0.0,0.0,1.0,1.0,1.0,1.0,0.0,0.0,1.0,0.0,0.0,1.0,0.0,0.0,0.0,50.0,0.0,0.0,0.0,0.0,0.0,0.0,0.0,0.0,0.0,0.0,0.0,0.0,0.0,0.0,8.0,1.0,0.0,0.0,0.0,0.0,8.0,1.0,0.0,0.0,1.0,1.0,1.0,0.0,0.0,0.0,0.0,0.0,0.0,0.0,0.0,0.0,1.0,1.0,1.0,1.0,1.0,0.0,1.0,1.0,1.0,1.0,0.0,0.0,1.0,1.0,1.0,0.0,0.0,1.0,2.0,0.0,1.0,2.0,2.0,0.0,585.0,50.0,0.0,585.0,50.0,0.0,0.0,0.0,0.0,0.0,0.0,0.0,0.0,0.0,0.0,0.0,0.0,0.0,0.0,0.0,0.0,1.0,0.0,0.0,0.0,0.0,1.0,1.0,1.0,0.0,0.0,0.0,0.0,0.0,0.0,0.0,0.0,0.0,1.0,1.0,1.0,1.0,0.0,50.0,0.0,0.0,50.0,0.0,0.0,0.0,0.0,0.0,0.0,0.0,0.0,0.0,0.0,0.0,0.0,8.0,1.0,0.0,8.0,1.0,0.0,0.0,0.0,0.0,585.0,50.0,0.0,585.0,50.0,0.0,0.0,0.0,0.0,1785.0,0.0,0.0,0.0,0.0,,,0.0,0.0,100.0,Found,,-300.0,Found,Found,166.0,15.0,193.0,533.0,,,,,,,,Found,Found,Android 7.0,samsung browser 6.4,32.0,1920x1200,match_status:2,T,F,T,T,mobile,SAMSUNG SM-T587P Build/NRD90M
3400378,10438003,49.0,W,7239,452.0,150.0,mastercard,117.0,debit,264.0,87.0,5.0,,gmail.com,,3.0,1.0,0.0,0.0,0.0,2.0,0.0,0.0,1.0,0.0,1.0,0.0,3.0,3.0,0.0,,,53.0,53.0,,,,,56.0,56.0,,,,56.0,T,T,T,M0,F,T,T,T,T,1.0,1.0,1.0,1.0,2.0,1.0,2.0,1.0,1.0,0.0,0.0,1.0,1.0,1.0,0.0,0.0,0.0,0.0,1.0,2.0,0.0,0.0,1.0,2.0,1.0,1.0,0.0,0.0,0.0,0.0,0.0,0.0,0.0,0.0,1.0,1.0,1.0,1.0,0.0,0.0,1.0,0.0,0.0,1.0,1.0,1.0,1.0,0.0,0.0,0.0,0.0,0.0,1.0,1.0,1.0,1.0,0.0,0.0,0.0,0.0,1.0,1.0,0.0,0.0,1.0,1.0,1.0,0.0,0.0,0.0,0.0,0.0,0.0,0.0,1.0,1.0,1.0,1.0,0.0,0.0,0.0,1.0,2.0,0.0,0.0,1.0,2.0,1.0,0.0,0.0,0.0,0.0,0.0,0.0,0.0,0.0,0.0,0.0,0.0,0.0,0.0,0.0,0.0,0.0,0.0,0.0,1.0,1.0,1.0,1.0,1.0,1.0,1.0,1.0,1.0,1.0,1.0,1.0,1.0,1.0,1.0,1.0,1.0,1.0,1.0,0.0,0.0,0.0,0.0,0.0,0.0,0.0,0.0,0.0,0.0,0.0,0.0,,,,,,,,,,,,,,,,,,,,,,,,,,,,,,,,,,,,,,,,,,,,,,,,,,,,,,,,,,,,,,,,,,,,,,,,,,,,,,,,,,,,,,,,,,,,,,,,,,,,,,,,,,,,,,,,,,,,,,,,,,,,,,,,,,,,,,,,,,,,,,0.0,0.0,0.0,1.0,1.0,0.0,0.0,0.0,0.0,0.0,0.0,1.0,1.0,1.0,0.0,0.0,0.0,0.0,0.0,0.0,0.0,0.0,0.0,0.0,0.0,0.0,1.0,0.0,0.0,0.0,0.0,0.0,0.0,0.0,0.0,0.0,0.0,0.0,0.0,0.0,0.0,0.0,0.0,,,,,,,,,,,,,,,,,,,,,,,,,,,,,,,,,,,,,,,,,,,,,,,,,,,,,,,,,,
3400379,10438017,1265.5,W,18227,583.0,150.0,visa,226.0,credit,472.0,87.0,,,yahoo.com,,1.0,5.0,0.0,0.0,0.0,3.0,0.0,0.0,1.0,0.0,1.0,0.0,2.0,1.0,15.0,14.0,0.0,4.0,0.0,,,,,4.0,,,,,15.0,,,,M0,T,F,,,,,,,,,,,,,,,1.0,1.0,1.0,0.0,0.0,0.0,0.0,1.0,1.0,0.0,0.0,1.0,1.0,1.0,1.0,0.0,0.0,0.0,0.0,0.0,0.0,0.0,0.0,1.0,1.0,2.0,4.0,0.0,0.0,1.0,0.0,0.0,1.0,1.0,1.0,1.0,0.0,0.0,0.0,0.0,0.0,1.0,1.0,2.0,2.0,0.0,0.0,0.0,0.0,2.0,2.0,0.0,0.0,1.0,1.0,1.0,0.0,0.0,0.0,0.0,0.0,0.0,0.0,1.0,1.0,2.0,2.0,0.0,0.0,0.0,2.0,2.0,0.0,0.0,1.0,1.0,1.0,0.0,0.0,0.0,0.0,0.0,0.0,0.0,1.0,1.0,0.0,0.0,0.0,0.0,1.0,1.0,0.0,0.0,0.0,1.0,1.0,1.0,1.0,1.0,1.0,1.0,1.0,1.0,1.0,1.0,1.0,1.0,1.0,1.0,1.0,1.0,1.0,1.0,0.0,1052.0,1052.0,0.0,0.0,0.0,0.0,1052.0,1052.0,0.0,0.0,0.0,,,,,,,,,,,,,,,,,,,,,,,,,,,,,,,,,,,,,,,,,,,,,,,,,,,,,,,,,,,,,,,,,,,,,,,,,,,,,,,,,,,,,,,,,,,,,,,,,,,,,,,,,,,,,,,,,,,,,,,,,,,,,,,,,,,,,,,,,,,,,,7.0,9.0,0.0,3.0,3.0,0.0,2.0,0.0,1.0,1.0,1.0,7.0,8.0,7.0,7.0,9.0,8.0,1.0,0.0,1.0,0.0,1.0,1.0,0.0,0.0,0.0,1.0,9317.0,16096.0,11473.0,0.0,2645.0,0.0,1104.0,1541.0,2645.0,1541.0,9317.0,11910.0,10369.0,0.0,1541.0,0.0,,,,,,,,,,,,,,,,,,,,,,,,,,,,,,,,,,,,,,,,,,,,,,,,,,,,,,,,,,
3400380,10438043,50.0,H,11919,170.0,150.0,mastercard,224.0,debit,126.0,87.0,,,gmail.com,gmail.com,1.0,1.0,0.0,1.0,0.0,1.0,0.0,1.0,0.0,1.0,1.0,0.0,0.0,0.0,0.0,,,,,,,,,,,,,,,,,,,,,,,,,,,,,,,,,,,,,,,,,,,,,,,,,,,,,,,,,,,,,,,,,,,,,,,,,,,,,,,,,,,,,,,,,,,,,,,,,,,,,,,,,,,,,,,,,,,,,,0.0,0.0,0.0,0.0,0.0,0.0,0.0,0.0,0.0,0.0,0.0,0.0,1.0,1.0,1.0,1.0,1.0,1.0,1.0,1.0,1.0,1.0,1.0,1.0,1.0,1.0,1.0,1.0,1.0,1.0,1.0,0.0,0.0,0.0,0.0,0.0,0.0,0.0,0.0,0.0,0.0,0.0,0.0,0.0,1.0,1.0,0.0,0.0,0.0,0.0,0.0,0.0,0.0,1.0,1.0,1.0,1.0,1.0,1.0,1.0,1.0,1.0,1.0,1.0,0.0,0.0,0.0,0.0,0.0,0.0,0.0,0.0,0.0,0.0,0.0,1.0,1.0,0.0,0.0,0.0,0.0,1.0,0.0,0.0,0.0,0.0,0.0,0.0,0.0,0.0,0.0,1.0,1.0,1.0,1.0,1.0,1.0,1.0,1.0,1.0,1.0,1.0,1.0,1.0,1.0,1.0,1.0,0.0,0.0,0.0,0.0,0.0,0.0,0.0,0.0,0.0,0.0,0.0,0.0,0.0,0.0,0.0,0.0,0.0,0.0,0.0,1.0,1.0,0.0,0.0,0.0,0.0,0.0,1.0,1.0,1.0,0.0,0.0,0.0,0.0,0.0,0.0,0.0,0.0,0.0,1.0,1.0,1.0,1.0,1.0,1.0,1.0,1.0,1.0,1.0,1.0,1.0,1.0,1.0,1.0,1.0,1.0,1.0,1.0,1.0,1.0,1.0,1.0,0.0,0.0,0.0,0.0,0.0,0.0,0.0,0.0,0.0,0.0,0.0,0.0,0.0,0.0,0.0,0.0,0.0,0.0,0.0,1.0,1.0,0.0,0.0,0.0,0.0,0.0,0.0,1.0,1.0,1.0,0.0,0.0,0.0,0.0,0.0,0.0,0.0,0.0,0.0,1.0,1.0,1.0,1.0,0.0,0.0,0.0,0.0,0.0,0.0,0.0,0.0,0.0,0.0,0.0,0.0,0.0,0.0,0.0,0.0,0.0,0.0,0.0,0.0,0.0,0.0,0.0,0.0,0.0,0.0,0.0,0.0,0.0,0.0,0.0,0.0,0.0,0.0,-5.0,172897.0,,,7.0,0.0,,,,,100.0,NotFound,64.0,-360.0,New,NotFound,166.0,15.0,352.0,489.0,,,,,,,,New,NotFound,iOS 11.2.6,mobile safari generic,32.0,2436x1125,match_status:1,T,F,F,T,mobile,iOS Device
3400381,10438052,161.0,W,2377,203.0,150.0,visa,166.0,debit,123.0,87.0,6.0,,gmail.com,,1.0,1.0,0.0,0.0,0.0,1.0,0.0,0.0,1.0,0.0,1.0,1.0,2.0,1.0,28.0,28.0,28.0,28.0,28.0,,,,,28.0,28.0,,,,28.0,T,T,T,M0,F,F,,,,1.0,1.0,1.0,1.0,1.0,1.0,1.0,1.0,1.0,0.0,0.0,1.0,1.0,1.0,0.0,0.0,0.0,0.0,1.0,1.0,0.0,0.0,1.0,1.0,1.0,1.0,0.0,0.0,0.0,0.0,0.0,0.0,0.0,0.0,1.0,1.0,1.0,1.0,0.0,0.0,1.0,0.0,0.0,1.0,1.0,1.0,1.0,0.0,0.0,0.0,0.0,0.0,1.0,1.0,1.0,1.0,0.0,0.0,0.0,0.0,1.0,1.0,0.0,0.0,1.0,1.0,1.0,0.0,0.0,0.0,0.0,0.0,0.0,0.0,1.0,1.0,1.0,1.0,0.0,0.0,0.0,1.0,1.0,0.0,0.0,1.0,1.0,1.0,0.0,0.0,0.0,0.0,0.0,0.0,0.0,1.0,0.0,0.0,1.0,0.0,0.0,0.0,0.0,0.0,0.0,0.0,1.0,1.0,1.0,1.0,1.0,1.0,1.0,1.0,1.0,1.0,1.0,1.0,1.0,1.0,1.0,1.0,1.0,1.0,1.0,0.0,59.0,0.0,0.0,59.0,0.0,0.0,0.0,0.0,0.0,0.0,0.0,,,,,,,,,,,,,,,,,,,,,,,,,,,,,,,,,,,,,,,,,,,,,,,,,,,,,,,,,,,,,,,,,,,,,,,,,,,,,,,,,,,,,,,,,,,,,,,,,,,,,,,,,,,,,,,,,,,,,,,,,,,,,,,,,,,,,,,,,,,,,,0.0,0.0,0.0,1.0,1.0,0.0,1.0,0.0,0.0,1.0,1.0,1.0,1.0,1.0,0.0,0.0,0.0,0.0,0.0,0.0,0.0,0.0,0.0,0.0,0.0,0.0,1.0,0.0,59.0,0.0,0.0,59.0,0.0,0.0,59.0,59.0,59.0,0.0,0.0,0.0,0.0,0.0,0.0,,,,,,,,,,,,,,,,,,,,,,,,,,,,,,,,,,,,,,,,,,,,,,,,,,,,,,,,,,
3400382,10438065,88.0,W,7919,194.0,150.0,mastercard,166.0,debit,315.0,87.0,29.0,,gmail.com,,3.0,2.0,0.0,0.0,0.0,1.0,0.0,0.0,3.0,0.0,2.0,1.0,9.0,3.0,76.0,76.0,27.0,210.0,27.0,,,,,119.0,119.0,,,,119.0,T,T,T,M0,F,F,F,F,T,1.0,1.0,1.0,1.0,1.0,1.0,1.0,1.0,1.0,0.0,0.0,0.0,0.0,1.0,0.0,0.0,0.0,0.0,0.0,0.0,0.0,0.0,1.0,1.0,0.0,0.0,0.0,0.0,0.0,0.0,0.0,0.0,0.0,0.0,1.0,1.0,1.0,1.0,0.0,0.0,1.0,0.0,0.0,1.0,1.0,1.0,1.0,0.0,0.0,0.0,0.0,0.0,1.0,1.0,1.0,1.0,0.0,0.0,0.0,0.0,1.0,1.0,0.0,0.0,1.0,1.0,1.0,0.0,0.0,0.0,0.0,0.0,0.0,0.0,1.0,1.0,1.0,1.0,0.0,0.0,0.0,1.0,1.0,0.0,0.0,1.0,1.0,1.0,0.0,0.0,0.0,0.0,0.0,0.0,0.0,2.0,0.0,0.0,2.0,0.0,0.0,0.0,0.0,0.0,0.0,0.0,1.0,1.0,1.0,1.0,1.0,1.0,1.0,1.0,1.0,1.0,1.0,1.0,1.0,1.0,1.0,1.0,1.0,1.0,1.0,0.0,98.0,0.0,0.0,98.0,0.0,0.0,0.0,0.0,0.0,0.0,0.0,,,,,,,,,,,,,,,,,,,,,,,,,,,,,,,,,,,,,,,,,,,,,,,,,,,,,,,,,,,,,,,,,,,,,,,,,,,,,,,,,,,,,,,,,,,,,,,,,,,,,,,,,,,,,,,,,,,,,,,,,,,,,,,,,,,,,,,,,,,,,,0.0,0.0,0.0,0.0,0.0,0.0,2.0,0.0,0.0,0.0,0.0,1.0,1.0,1.0,0.0,0.0,0.0,0.0,0.0,0.0,0.0,0.0,0.0,0.0,0.0,0.0,1.0,0.0,98.0,0.0,0.0,98.0,0.0,0.0,0.0,0.0,0.0,0.0,0.0,0.0,0.0,0.0,0.0,,,,,,,,,,,,,,,,,,,,,,,,,,,,,,,,,,,,,,,,,,,,,,,,,,,,,,,,,,
3400383,10438095,117.0,W,6394,225.0,150.0,mastercard,224.0,debit,203.0,87.0,,,yahoo.com,,4.0,2.0,0.0,0.0,4.0,3.0,0.0,0.0,3.0,0.0,2.0,0.0,39.0,4.0,0.0,,,302.0,0.0,,,,,439.0,,,,,439.0,,,,M0,F,F,,,,,,,,,,,,,,,1.0,1.0,1.0,0.0,0.0,0.0,0.0,0.0,1.0,0.0,0.0,1.0,1.0,1.0,1.0,0.0,0.0,1.0,1.0,0.0,0.0,0.0,0.0,1.0,1.0,1.0,1.0,0.0,0.0,1.0,0.0,0.0,1.0,1.0,1.0,1.0,1.0,2.0,0.0,0.0,0.0,0.0,0.0,1.0,1.0,0.0,0.0,0.0,0.0,1.0,1.0,0.0,0.0,1.0,1.0,1.0,0.0,0.0,0.0,0.0,0.0,0.0,0.0,1.0,1.0,1.0,1.0,0.0,0.0,0.0,0.0,1.0,0.0,0.0,1.0,1.0,1.0,0.0,1.0,1.0,0.0,0.0,0.0,1.0,3.0,1.0,1.0,3.0,1.0,0.0,0.0,0.0,0.0,0.0,0.0,1.0,1.0,1.0,1.0,1.0,1.0,1.0,1.0,1.0,1.0,1.0,1.0,1.0,1.0,1.0,1.0,2.0,2.0,2.0,117.0,351.0,117.0,117.0,351.0,117.0,0.0,0.0,0.0,0.0,0.0,0.0,,,,,,,,,,,,,,,,,,,,,,,,,,,,,,,,,,,,,,,,,,,,,,,,,,,,,,,,,,,,,,,,,,,,,,,,,,,,,,,,,,,,,,,,,,,,,,,,,,,,,,,,,,,,,,,,,,,,,,,,,,,,,,,,,,,,,,,,,,,,,,0.0,0.0,0.0,1.0,1.0,0.0,0.0,0.0,0.0,0.0,0.0,1.0,1.0,1.0,0.0,0.0,0.0,0.0,0.0,0.0,0.0,0.0,0.0,0.0,0.0,0.0,1.0,0.0,0.0,0.0,0.0,0.0,0.0,0.0,0.0,0.0,0.0,0.0,0.0,0.0,0.0,0.0,0.0,,,,,,,,,,,,,,,,,,,,,,,,,,,,,,,,,,,,,,,,,,,,,,,,,,,,,,,,,,
3400384,10438110,50.0,H,11919,170.0,150.0,mastercard,224.0,debit,126.0,87.0,,,gmail.com,gmail.com,1.0,1.0,0.0,1.0,0.0,1.0,0.0,1.0,0.0,1.0,1.0,0.0,0.0,0.0,0.0,,,,,,,0.7916659712791443,0.7916659712791443,,,,,,,,,,,,,,,,,,,,,,,,,,,,,,,,,,,,,,,,,,,,,,,,,,,,,,,,,,,,,,,,,,,,,,,,,,,,,,,,,,,,,,,,,,,,,,,,,,,,,,,,,,,,,,0.0,0.0,0.0,0.0,0.0,0.0,0.0,0.0,0.0,0.0,0.0,0.0,1.0,1.0,1.0,1.0,1.0,1.0,1.0,1.0,1.0,1.0,1.0,1.0,1.0,1.0,1.0,1.0,1.0,1.0,1.0,0.0,0.0,0.0,0.0,0.0,0.0,0.0,0.0,0.0,0.0,0.0,0.0,0.0,2.0,2.0,0.0,0.0,1.0,0.0,0.0,0.0,0.0,1.0,1.0,1.0,1.0,1.0,1.0,1.0,1.0,1.0,1.0,1.0,0.0,0.0,0.0,0.0,0.0,50.0,50.0,0.0,1.0,1.0,0.0,2.0,2.0,0.0,0.0,0.0,0.0,2.0,1.0,1.0,1.0,0.0,0.0,0.0,0.0,0.0,0.0,1.0,1.0,1.0,1.0,1.0,1.0,1.0,1.0,1.0,1.0,1.0,1.0,1.0,1.0,1.0,1.0,50.0,50.0,50.0,0.0,0.0,0.0,0.0,0.0,0.0,50.0,50.0,50.0,0.0,0.0,0.0,1.0,1.0,1.0,0.0,2.0,2.0,0.0,0.0,0.0,0.0,0.0,2.0,2.0,2.0,1.0,1.0,1.0,0.0,0.0,0.0,0.0,0.0,0.0,1.0,1.0,1.0,1.0,1.0,1.0,1.0,1.0,1.0,1.0,1.0,1.0,1.0,1.0,1.0,1.0,1.0,1.0,1.0,1.0,1.0,1.0,1.0,50.0,50.0,50.0,0.0,0.0,0.0,0.0,0.0,0.0,0.0,50.0,50.0,50.0,0.0,0.0,0.0,1.0,1.0,0.0,2.0,2.0,0.0,0.0,0.0,0.0,0.0,0.0,2.0,2.0,2.0,1.0,1.0,1.0,0.0,0.0,0.0,0.0,0.0,0.0,1.0,1.0,1.0,1.0,50.0,50.0,50.0,0.0,0.0,0.0,0.0,0.0,0.0,0.0,50.0,50.0,50.0,0.0,0.0,0.0,1.0,1.0,1.0,0.0,0.0,0.0,0.0,0.0,0.0,50.0,50.0,50.0,0.0,0.0,0.0,0.0,0.0,0.0,-5.0,58827.0,0.0,0.0,8.0,0.0,,,0.0,0.0,100.0,NotFound,64.0,-360.0,Found,Found,166.0,15.0,352.0,489.0,,,,,,,,Found,Found,iOS 11.2.6,mobile safari generic,32.0,2436x1125,match_status:1,T,F,F,T,mobile,iOS Device
3400385,10438129,46.403,C,15885,545.0,185.0,visa,138.0,debit,,,,,gmail.com,gmail.com,1.0,2.0,0.0,1.0,0.0,1.0,1.0,1.0,0.0,0.0,1.0,1.0,2.0,1.0,0.0,0.0,0.0,0.0,0.0,0.0,0.0,0.7916659712791443,0.7916659712791443,0.0,,0.0,0.0,,0.0,,,,M2,,,,,,,,,,,,,,,,,0.0,0.0,1.0,1.0,1.0,1.0,1.0,1.0,1.0,0.0,0.0,1.0,1.0,1.0,1.0,0.0,0.0,0.0,0.0,1.0,1.0,1.0,1.0,0.0,0.0,2.0,2.0,1.0,1.0,1.0,0.0,0.0,1.0,1.0,1.0,1.0,0.0,0.0,1.0,1.0,1.0,0.0,0.0,2.0,2.0,1.0,1.0,1.0,1.0,1.0,1.0,0.0,0.0,1.0,1.0,1.0,0.0,0.0,0.0,1.0,1.0,1.0,1.0,0.0,0.0,2.0,2.0,1.0,1.0,1.0,1.0,1.0,0.0,0.0,1.0,1.0,1.0,0.0,0.0,0.0,1.0,1.0,1.0,0.0,0.0,0.0,0.0,0.0,0.0,0.0,0.0,0.0,0.0,0.0,0.0,1.0,1.0,1.0,1.0,1.0,1.0,1.0,1.0,1.0,1.0,1.0,1.0,1.0,1.0,1.0,1.0,1.0,1.0,1.0,0.0,0.0,0.0,0.0,0.0,0.0,0.0,0.0,0.0,0.0,0.0,0.0,,,,,,,,,,,,,,,,,,,,,,,,,,,,,,1.0,1.0,1.0,2.0,2.0,1.0,1.0,1.0,1.0,2.0,0.0,0.0,0.0,0.0,0.0,0.0,0.0,0.0,0.0,1.0,1.0,1.0,1.0,1.0,1.0,1.0,1.0,1.0,1.0,1.0,1.0,1.0,1.0,1.0,1.0,46.4025993347168,46.4025993347168,46.4025993347168,46.4025993347168,46.4025993347168,46.4025993347168,46.4025993347168,46.4025993347168,46.4025993347168,0.0,0.0,0.0,0.0,0.0,0.0,,,,,,,,,,,,,,,,,,,,,,,,,,,,,,,,,,,,,,,,,,,,,,,,,,,,,,,,,,,,,,,1.0,1.0,1.0,2.0,2.0,1.0,1.0,1.0,1.0,1.0,1.0,2.0,2.0,2.0,0.0,0.0,0.0,0.0,0.0,0.0,0.0,0.0,0.0,1.0,1.0,1.0,1.0,46.4025993347168,46.4025993347168,46.4025993347168,46.4025993347168,46.4025993347168,46.4025993347168,46.4025993347168,46.4025993347168,46.4025993347168,46.4025993347168,0.0,0.0,0.0,0.0,0.0,0.0,,,,,,,,,,,,,,,,,,,-25.0,184862.0,0.0,0.0,,,2.0,-39.0,0.0,0.0,100.0,NotFound,52.0,-360.0,Found,Found,,,,,253.0,14.0,IP_PROXY:ANONYMOUS,15.0,276.0,121.0,Found,Found,Found,,ie 11.0 for desktop,,,,F,T,T,F,desktop,Trident/7.0
3400386,10438129,54.0,W,8378,499.0,150.0,visa,226.0,debit,205.0,87.0,,,gmail.com,,1.0,1.0,0.0,0.0,0.0,1.0,0.0,0.0,1.0,0.0,1.0,0.0,0.0,0.0,0.0,,,0.0,,,,,,0.0,0.0,,,,0.0,T,T,T,M0,T,F,F,F,T,1.0,1.0,1.0,1.0,1.0,1.0,1.0,1.0,1.0,0.0,0.0,1.0,1.0,1.0,0.0,0.0,0.0,0.0,1.0,1.0,0.0,0.0,1.0,1.0,1.0,1.0,0.0,0.0,0.0,0.0,0.0,0.0,0.0,0.0,1.0,1.0,1.0,1.0,0.0,0.0,1.0,0.0,0.0,1.0,1.0,1.0,1.0,0.0,0.0,0.0,0.0,0.0,1.0,1.0,1.0,1.0,0.0,0.0,0.0,0.0,1.0,1.0,0.0,0.0,1.0,1.0,1.0,0.0,0.0,0.0,0.0,0.0,0.0,0.0,1.0,1.0,1.0,1.0,0.0,0.0,0.0,1.0,1.0,0.0,0.0,1.0,1.0,1.0,0.0,0.0,0.0,0.0,0.0,0.0,0.0,0.0,0.0,0.0,0.0,0.0,0.0,0.0,0.0,0.0,0.0,0.0,1.0,1.0,1.0,1.0,1.0,1.0,1.0,1.0,1.0,1.0,1.0,1.0,1.0,1.0,1.0,1.0,1.0,1.0,1.0,0.0,0.0,0.0,0.0,0.0,0.0,0.0,0.0,0.0,0.0,0.0,0.0,,,,,,,,,,,,,,,,,,,,,,,,,,,,,,,,,,,,,,,,,,,,,,,,,,,,,,,,,,,,,,,,,,,,,,,,,,,,,,,,,,,,,,,,,,,,,,,,,,,,,,,,,,,,,,,,,,,,,,,,,,,,,,,,,,,,,,,,,,,,,,0.0,0.0,0.0,1.0,1.0,0.0,0.0,0.0,0.0,0.0,0.0,1.0,1.0,1.0,0.0,0.0,0.0,0.0,0.0,0.0,0.0,0.0,0.0,0.0,0.0,0.0,1.0,0.0,0.0,0.0,0.0,0.0,0.0,0.0,0.0,0.0,0.0,0.0,0.0,0.0,0.0,0.0,0.0,,,,,,,,,,,,,,,,,,,,,,,,,,,,,,,,,,,,,,,,,,,,,,,,,,,,,,,,,,
3400387,10438130,55.0,W,9500,321.0,150.0,visa,226.0,debit,204.0,87.0,156.0,,yahoo.com,,2.0,2.0,0.0,0.0,0.0,3.0,0.0,0.0,2.0,0.0,1.0,0.0,19.0,2.0,127.0,127.0,4.0,533.0,4.0,,,,,14.0,493.0,,,,534.0,T,T,T,M0,F,T,F,F,T,1.0,1.0,1.0,1.0,2.0,1.0,1.0,1.0,1.0,0.0,0.0,1.0,1.0,1.0,0.0,0.0,0.0,0.0,1.0,1.0,0.0,0.0,1.0,1.0,1.0,1.0,0.0,0.0,0.0,0.0,0.0,0.0,0.0,0.0,0.0,0.0,1.0,1.0,0.0,0.0,1.0,0.0,0.0,1.0,1.0,1.0,1.0,0.0,0.0,0.0,0.0,0.0,1.0,1.0,1.0,1.0,0.0,0.0,0.0,0.0,1.0,2.0,0.0,0.0,1.0,1.0,1.0,0.0,0.0,0.0,0.0,0.0,0.0,0.0,0.0,0.0,1.0,1.0,0.0,0.0,0.0,0.0,0.0,0.0,0.0,1.0,1.0,1.0,0.0,0.0,0.0,0.0,0.0,0.0,0.0,4.0,2.0,0.0,4.0,2.0,0.0,0.0,0.0,0.0,0.0,0.0,1.0,1.0,1.0,1.0,1.0,1.0,1.0,1.0,1.0,1.0,1.0,1.0,1.0,1.0,1.0,1.0,1.0,1.0,1.0,0.0,375.0,259.0,0.0,375.0,259.0,0.0,0.0,0.0,0.0,0.0,0.0,,,,,,,,,,,,,,,,,,,,,,,,,,,,,,,,,,,,,,,,,,,,,,,,,,,,,,,,,,,,,,,,,,,,,,,,,,,,,,,,,,,,,,,,,,,,,,,,,,,,,,,,,,,,,,,,,,,,,,,,,,,,,,,,,,,,,,,,,,,,,,0.0,2.0,0.0,0.0,0.0,0.0,5.0,0.0,2.0,0.0,0.0,1.0,2.0,1.0,0.0,0.0,0.0,0.0,0.0,0.0,0.0,0.0,0.0,0.0,0.0,0.0,1.0,0.0,430.0,259.0,0.0,430.0,0.0,259.0,0.0,0.0,0.0,0.0,0.0,0.0,0.0,0.0,0.0,,,,,,,,,,,,,,,,,,,,,,,,,,,,,,,,,,,,,,,,,,,,,,,,,,,,,,,,,,
