feature,mean_absolute_shap_value,rank
C13,0.3306851251385767,1
TransactionAmt,0.25956728851501004,2
C1,0.2127035917849668,3
C14,0.19863818323432922,4
card1,0.1983266711707547,5
card6,0.19587217600131407,6
V258,0.18998178095867235,7
C5,0.18408223903173349,8
card2,0.1615390855743123,9
D1,0.1386116402153178,10
V70,0.13663777335220947,11
C11,0.1350739580107814,12
M4,0.1303801020674388,13
C2,0.11723458466869245,14
P_emaildomain,0.11645823736558426,15
M6,0.11374504348043896,16
addr1,0.11146946464097164,17
D2,0.10606610673780476,18
D15,0.10373088251734165,19
card5,0.10107921087379994,20
D4,0.09876178443629276,21
M5,0.09696351718577687,22
V294,0.09684432021000733,23
dist1,0.09198803884627947,24
C6,0.0838500610610378,25
D10,0.08327767550807524,26
D3,0.0809970776399229,27
V91,0.07373317092113818,28
ProductCD,0.06110763913115564,29
D11,0.05444806088507418,30
R_emaildomain,0.051204510626654764,31
C8,0.04699367349082513,32
M3,0.04688696450001953,33
C9,0.044503249409652196,34
id_17,0.04234583205578383,35
id_31,0.04135835585781994,36
V308,0.038416876701889126,37
V285,0.035178993104738765,38
card4,0.03500624260291261,39
D8,0.03492415984606487,40
DeviceInfo,0.0325970896466212,41
M7,0.031646174774160804,42
id_20,0.030916804054321498,43
V283,0.03043425345332556,44
V82,0.02773077795058877,45
id_30,0.02746783372835489,46
V310,0.026590624726733646,47
V187,0.025993676712891708,48
V53,0.025916525582681062,49
id_02,0.02488638219121155,50
V317,0.024853059048693164,51
D5,0.024191434677633274,52
V34,0.02347541033380791,53
V49,0.023114415389357722,54
id_01,0.022442425273087187,55
card3,0.021603599193433184,56
V312,0.021493763408541176,57
id_19,0.021231423784732518,58
V130,0.020970931751856974,59
V281,0.02095366334062904,60
C10,0.020141938001560146,61
V201,0.01977139454391969,62
V30,0.01915023955042701,63
D13,0.01905503833553909,64
id_05,0.01855348311092045,65
V2,0.017456517373037057,66
id_06,0.017340197159486707,67
V307,0.016716930857564875,68
V316,0.0164797119763219,69
V83,0.016145048053377346,70
V99,0.01611314083521817,71
V313,0.015569868024959153,72
V136,0.01546173016435326,73
V38,0.015329525014436513,74
V12,0.015295432074344717,75
V87,0.014984657572189463,76
V62,0.01494179316603974,77
DeviceType,0.0148838803274557,78
dist2,0.01485744856367819,79
V311,0.014671683487128273,80
M9,0.014234015110722491,81
V218,0.013680143653389678,82
V320,0.01356199686988839,83
V33,0.013457735631620381,84
V48,0.013367705854543601,85
id_14,0.013118947930372087,86
id_13,0.0129893387639216,87
V55,0.012779377252678387,88
V315,0.012632094834307888,89
V24,0.01210527953904087,90
V165,0.011613481908309041,91
V54,0.011408581366085248,92
V11,0.011340505240765197,93
V45,0.011171207134739536,94
V13,0.011170647459162865,95
V291,0.011006811278448974,96
V19,0.010871387193077075,97
V133,0.010865260937853843,98
C4,0.010815731833633132,99
M8,0.010583517175575253,100
V66,0.010476312274324301,101
V314,0.010274574963043657,102
V76,0.010004543662294358,103
id_38,0.009702315005446204,104
V128,0.009658148487817575,105
V309,0.00964768312113453,106
id_33,0.009539492994076379,107
id_09,0.008972003374190535,108
C12,0.00894021292779765,109
V61,0.008658852936476858,110
V5,0.008585848671528461,111
V35,0.008531631760551439,112
V102,0.008468851436822964,113
V127,0.00808854118355068,114
V56,0.00806253479870505,115
V129,0.00804685197036694,116
V131,0.007968433669507552,117
V90,0.007958686198025438,118
V67,0.0077639026886342135,119
V293,0.007594608299594256,120
V69,0.0072386521873631865,121
V296,0.00723600421459317,122
V29,0.007166913256673373,123
M2,0.007065255494634281,124
V75,0.007015700288369013,125
D6,0.006963394593117603,126
D9,0.006882613780850079,127
V20,0.006714407013044668,128
C3,0.006633079428216055,129
V71,0.0066080973136486134,130
V124,0.006444808275906325,131
V52,0.006271565993796988,132
V152,0.005920945007744497,133
V282,0.005901188295459179,134
V295,0.005517444830612476,135
id_36,0.0054418743345898595,136
V10,0.005203506107174689,137
V7,0.005145185329425658,138
V257,0.0050930535567604235,139
V64,0.005071958414589365,140
V78,0.005069605019766868,141
V72,0.0048039523579015316,142
V6,0.004707372698549079,143
id_37,0.004613694178690214,144
V261,0.004445994681845321,145
M1,0.00414864061641371,146
V23,0.004119264467687875,147
V73,0.004051147056251163,148
V86,0.004046758331214733,149
V94,0.004044208289674619,150
V297,0.003990118847612697,151
V332,0.003850352938158418,152
V77,0.0037461608888188494,153
V265,0.0037084368168822644,154
V4,0.0037045959179405753,155
V63,0.0036504017675470096,156
id_15,0.003568895117697442,157
V37,0.0035580792281374066,158
V36,0.003500086267460574,159
V95,0.00349091529306952,160
V306,0.0034819307456436946,161
V96,0.0034737236729642973,162
V217,0.0034254663616035638,163
V339,0.00341700747430635,164
V156,0.003399401069920714,165
V164,0.003399329795413602,166
V26,0.0033439479323398398,167
V189,0.0032603399474957465,168
V290,0.003244386201005909,169
V268,0.003212800126192936,170
V44,0.0032029611289153765,171
id_03,0.003168100791202657,172
V221,0.003054093344090385,173
D12,0.0029884256126345766,174
V280,0.002942407715476577,175
V139,0.0029346042541243756,176
V47,0.0028798156258859915,177
V159,0.0027599260296683496,178
D7,0.0026923651949655324,179
id_34,0.002543558601363202,180
D14,0.002530411295397168,181
V50,0.0025273342672887033,182
V25,0.00249567106545328,183
id_11,0.0024711770261152803,184
C7,0.002286949935169105,185
V228,0.002197647893835286,186
V266,0.0021728972928831353,187
V81,0.0021476660785707887,188
V126,0.0020953897237407848,189
V244,0.0020585926268540788,190
V85,0.0020361292689141616,191
id_18,0.0020189167135317805,192
V303,0.002015697669317281,193
V169,0.0019431581574335724,194
V222,0.0019256540629721713,195
V57,0.0019194587994443282,196
V59,0.0019139412655398095,197
V163,0.0019124762029089956,198
V259,0.0019078397856477144,199
V289,0.0018923441833236818,200
V84,0.0018649358591883356,201
V171,0.0018580858668595587,202
V200,0.0018042526664260852,203
V160,0.0017952094219114466,204
V58,0.0017709230445774058,205
V318,0.0017491236785096287,206
V243,0.0017474465003275933,207
V319,0.0017109987158984647,208
V202,0.001696252506233274,209
V335,0.0016902350539984732,210
V279,0.001675047117721533,211
V267,0.0015948929545672097,212
V184,0.0015663578574555382,213
V8,0.0015173757731684722,214
V263,0.0015000529998516565,215
V135,0.0014806215514957632,216
V74,0.0014743749087195587,217
id_32,0.0014742273584729445,218
V276,0.0014570455514014687,219
V321,0.0014265714327375463,220
V51,0.0013890818360875225,221
V118,0.0013735419558309635,222
V230,0.001353878202385431,223
V224,0.0013419790159526503,224
V109,0.001321746628597187,225
V43,0.0013050697170299372,226
V286,0.0012813501898417598,227
V40,0.001279833690757793,228
V300,0.0012770796046964582,229
V3,0.0012745693170070353,230
id_04,0.0012546339562201562,231
V140,0.0012510667090455173,232
V288,0.0012400056138916018,233
V205,0.001209541502520248,234
V209,0.0012062178911922577,235
V177,0.0011881981352623067,236
V108,0.0011687990016525872,237
V207,0.001151650486561266,238
V206,0.0011477648712865023,239
V142,0.0011381586165607586,240
V39,0.0011354647027929446,241
V176,0.001125163315034418,242
V323,0.0011125679493482797,243
V143,0.0011013728413546838,244
V170,0.0010828744764700483,245
V79,0.0010545337763105637,246
V215,0.001053484577679209,247
V246,0.0010461690856094113,248
V304,0.001042616971081467,249
V98,0.0010395493746388335,250
V137,0.0010099260611665765,251
V214,0.0010083120299768779,252
V333,0.0010053427873305432,253
V100,0.0009921161119624837,254
V270,0.0009736346686064887,255
V46,0.000966286371529956,256
V134,0.0009428332416895652,257
V271,0.0009354068567936338,258
V185,0.0009058127146915165,259
V264,0.0009028853230677972,260
V115,0.000901024266033346,261
V203,0.0008853911005554854,262
V324,0.0008785914261000774,263
V331,0.0008622282692434359,264
V250,0.0008552418390136154,265
V298,0.0008380433320950639,266
V149,0.0008153679689680757,267
V42,0.000766352678532409,268
V227,0.0007444818617349256,269
id_16,0.0007333239298574578,270
V301,0.0007332550785029828,271
V105,0.0007221438939506015,272
V277,0.0006981516444351048,273
V292,0.0006952446295830062,274
V229,0.0006932521390377815,275
V262,0.0006800431086712706,276
id_12,0.0006767276975896644,277
V132,0.0006725605572951281,278
id_28,0.0006571128859989889,279
addr2,0.000653403639754894,280
V260,0.0006352762127845987,281
V226,0.0006334021822094655,282
V208,0.0006252509859302033,283
V60,0.0006189557542341693,284
V287,0.0006189524361476893,285
V9,0.0006186578439615383,286
V161,0.0006105403056456756,287
V330,0.0006007943784406962,288
V172,0.000598226628926568,289
V103,0.0005858337388830629,290
V150,0.0005761692454940051,291
V273,0.0005758748107764404,292
V337,0.0005674029251992276,293
V220,0.0005633426250472742,294
id_35,0.0005611648581725603,295
V97,0.0005557974983718547,296
id_29,0.000555743809840654,297
V122,0.000542397007656291,298
V299,0.000537318765839397,299
V245,0.0005120368592324666,300
V104,0.0004945121039518199,301
V148,0.0004929849991788918,302
V123,0.00047274368790870843,303
V274,0.0004597282534656794,304
V173,0.00044789448250473165,305
V125,0.00044546978702358805,306
V162,0.0004419933439179052,307
V141,0.000436225142316592,308
V186,0.0004302759936563234,309
V15,0.00042948402809512724,310
V251,0.0004289561415753269,311
V188,0.0004271908984786326,312
V210,0.00042673702001654116,313
V213,0.0004112700966037058,314
V223,0.000396153848119108,315
V120,0.00038538279458346855,316
V166,0.00038274091591803956,317
V248,0.0003800801136191391,318
V80,0.00037680549183035815,319
V302,0.00036789841197082754,320
V145,0.0003646945336195131,321
V121,0.00035926320205605106,322
V151,0.00035819429881917133,323
V101,0.00035266025899242476,324
V219,0.00034478022869249494,325
V234,0.0003447557225614825,326
V231,0.00033091261509313576,327
V253,0.00031890496744260114,328
id_10,0.00031459856423559057,329
V178,0.00030949887354787126,330
V278,0.0003050261309288847,331
V225,0.00030113528669365526,332
V204,0.0002933666912224074,333
V256,0.0002908066272821088,334
V93,0.00028771808535627013,335
V157,0.0002870591943258963,336
V146,0.00026643557028243475,337
V92,0.0002455124580252838,338
V284,0.00023285858556785873,339
V192,0.0002320251754858873,340
V272,0.0002189127710516914,341
V31,0.00021663800237320174,342
V181,0.00021395978023747375,343
V144,0.0002127740926127899,344
V147,0.00020842073443903548,345
V158,0.00020760153175251617,346
V326,0.00020708525553224415,347
V329,0.000200590485380341,348
V211,0.0001983263655903708,349
V180,0.00019205450881304388,350
V235,0.00019008705500527868,351
V182,0.0001683044415791907,352
V112,0.00016600546916985574,353
V338,0.00016234854349234714,354
V16,0.00016116894692322603,355
V32,0.0001584270383907551,356
V168,0.00015839729770656655,357
V336,0.00015668838776885727,358
V322,0.00014687436312109034,359
V212,0.000142852240210118,360
V233,0.00014239410077425418,361
V17,0.00013912197538597107,362
V238,0.00013884493902423855,363
V138,0.00013809848732186463,364
V175,0.00013043286227396795,365
V111,0.00012129298110990778,366
V174,0.00011519994776517706,367
V190,0.00011368949407551554,368
V327,0.00011112927727966356,369
V198,0.00010988769672909864,370
V199,0.00010785749148938824,371
V255,9.903394795886318e-05,372
V116,9.800377783479538e-05,373
V232,9.389230283920825e-05,374
V239,9.181933630861749e-05,375
V18,8.664601498211747e-05,376
V193,8.630144728673864e-05,377
V183,8.260815552087783e-05,378
V197,8.24876639884072e-05,379
V242,7.673689571811337e-05,380
V275,7.251185174182713e-05,381
V254,6.73542520604921e-05,382
V216,6.520727433765691e-05,383
V334,6.41010818247499e-05,384
V236,5.304215772052127e-05,385
V191,5.082050690058774e-05,386
V22,4.904081687239644e-05,387
V247,4.411307880157741e-05,388
V269,4.3509849993370156e-05,389
V179,3.591187083376705e-05,390
V167,3.2072129547202623e-05,391
V237,3.0448126452635432e-05,392
V252,2.7688849542755635e-05,393
V155,2.4001823705172378e-05,394
V325,2.2269371416465827e-05,395
V249,2.1661427921884523e-05,396
V21,1.9911277385441886e-05,397
V154,1.640256352546506e-05,398
V196,1.5559171839261883e-05,399
V14,1.3772086854260124e-05,400
V110,1.3045047176471295e-05,401
V194,1.078372986614795e-05,402
V106,9.864951218370758e-06,403
V328,3.5537090102479852e-06,404
V153,3.1755299182994653e-06,405
V195,3.0783977170661576e-06,406
V113,1.405241052926461e-06,407
V1,0.0,408
V27,0.0,409
V28,0.0,410
V41,0.0,411
V65,0.0,412
V68,0.0,413
V88,0.0,414
V89,0.0,415
V107,0.0,416
V114,0.0,417
V117,0.0,418
V119,0.0,419
V240,0.0,420
V241,0.0,421
V305,0.0,422
