window_start,window_end,scenario_type,expected_spike,status,primary_driver,review_rate,payment_incident_rate,critical_high_incident_rate,debit_service_mismatch_rate,complaint_escalation_rate,retry_risk_rate,recommended_action
2026-08-27T10:00:00,2026-08-27T10:15:00,NORMAL,False,NORMAL,NONE,0.1,0.0375,0.0375,0.025,0.0,0.0,Continue monitoring current operating conditions.
2026-08-27T10:15:00,2026-08-27T10:30:00,NORMAL,False,NORMAL,NONE,0.1375,0.025,0.025,0.025,0.0,0.0,Continue monitoring current operating conditions.
2026-08-27T10:30:00,2026-08-27T10:45:00,NORMAL,False,NORMAL,NONE,0.1375,0.075,0.05,0.0375,0.0125,0.025,Continue monitoring current operating conditions.
2026-08-27T10:45:00,2026-08-27T11:00:00,NORMAL,False,NORMAL,NONE,0.175,0.1125,0.1125,0.025,0.025,0.0,Continue monitoring current operating conditions.
2026-08-27T11:00:00,2026-08-27T11:15:00,NORMAL,False,NORMAL,NONE,0.1625,0.05,0.05,0.0375,0.0125,0.0,Continue monitoring current operating conditions.
2026-08-27T11:15:00,2026-08-27T11:30:00,NORMAL,False,NORMAL,NONE,0.1625,0.05,0.05,0.0375,0.0125,0.0,Continue monitoring current operating conditions.
2026-08-27T11:30:00,2026-08-27T11:45:00,NORMAL,False,NORMAL,NONE,0.1875,0.0125,0.0125,0.0,0.0125,0.0,Continue monitoring current operating conditions.
2026-08-27T11:45:00,2026-08-27T12:00:00,NORMAL,False,NORMAL,NONE,0.1375,0.025,0.025,0.0125,0.0,0.0,Continue monitoring current operating conditions.
2026-08-27T12:00:00,2026-08-27T12:15:00,NORMAL,False,NORMAL,NONE,0.1,0.0625,0.05,0.0125,0.0125,0.0125,Continue monitoring current operating conditions.
2026-08-27T12:15:00,2026-08-27T12:30:00,NORMAL,False,NORMAL,NONE,0.125,0.075,0.075,0.0375,0.0125,0.0,Continue monitoring current operating conditions.
2026-08-27T12:30:00,2026-08-27T12:45:00,NORMAL,False,NORMAL,NONE,0.075,0.0875,0.075,0.025,0.0125,0.0125,Continue monitoring current operating conditions.
2026-08-27T12:45:00,2026-08-27T13:00:00,NORMAL,False,NORMAL,NONE,0.15,0.05,0.05,0.0375,0.0,0.0,Continue monitoring current operating conditions.
2026-08-27T13:00:00,2026-08-27T13:15:00,NORMAL,False,NORMAL,NONE,0.2,0.0625,0.0625,0.0375,0.0,0.0,Continue monitoring current operating conditions.
2026-08-27T13:15:00,2026-08-27T13:30:00,NORMAL,False,NORMAL,NONE,0.125,0.0625,0.05,0.0375,0.0,0.0125,Continue monitoring current operating conditions.
2026-08-27T13:30:00,2026-08-27T13:45:00,NORMAL,False,NORMAL,NONE,0.1,0.0375,0.025,0.0,0.0,0.0125,Continue monitoring current operating conditions.
2026-08-27T13:45:00,2026-08-27T14:00:00,NORMAL,False,NORMAL,NONE,0.15,0.05,0.05,0.025,0.0,0.0,Continue monitoring current operating conditions.
2026-08-27T14:00:00,2026-08-27T14:15:00,NORMAL,False,NORMAL,NONE,0.05,0.0,0.0,0.0,0.0,0.0,Continue monitoring current operating conditions.
2026-08-27T14:15:00,2026-08-27T14:30:00,NORMAL,False,NORMAL,NONE,0.0875,0.075,0.05,0.025,0.0125,0.025,Continue monitoring current operating conditions.
2026-08-27T14:30:00,2026-08-27T14:45:00,NORMAL,False,NORMAL,NONE,0.1125,0.0625,0.0625,0.0375,0.0,0.0,Continue monitoring current operating conditions.
2026-08-27T14:45:00,2026-08-27T15:00:00,NORMAL,False,NORMAL,NONE,0.1,0.0625,0.05,0.0375,0.0,0.0125,Continue monitoring current operating conditions.
2026-08-27T15:00:00,2026-08-27T15:15:00,NORMAL,False,NORMAL,NONE,0.125,0.075,0.0625,0.0125,0.0125,0.0125,Continue monitoring current operating conditions.
2026-08-27T15:15:00,2026-08-27T15:30:00,NORMAL,False,NORMAL,NONE,0.1,0.075,0.05,0.025,0.0125,0.025,Continue monitoring current operating conditions.
2026-08-27T15:30:00,2026-08-27T15:45:00,NORMAL,False,NORMAL,NONE,0.0875,0.0625,0.05,0.025,0.0,0.0125,Continue monitoring current operating conditions.
2026-08-27T15:45:00,2026-08-27T16:00:00,NORMAL,False,NORMAL,NONE,0.1875,0.0625,0.05,0.05,0.0,0.0125,Continue monitoring current operating conditions.
2026-08-27T16:00:00,2026-08-27T16:15:00,NORMAL,False,NORMAL,NONE,0.1,0.025,0.025,0.025,0.0,0.0,Continue monitoring current operating conditions.
2026-08-27T16:15:00,2026-08-27T16:30:00,NORMAL,False,NORMAL,NONE,0.1,0.1,0.0875,0.0375,0.025,0.0125,Continue monitoring current operating conditions.
2026-08-27T16:30:00,2026-08-27T16:45:00,NORMAL,False,NORMAL,NONE,0.1,0.05,0.05,0.0375,0.0,0.0,Continue monitoring current operating conditions.
2026-08-27T16:45:00,2026-08-27T17:00:00,NORMAL,False,NORMAL,NONE,0.1125,0.025,0.025,0.025,0.0,0.0,Continue monitoring current operating conditions.
2026-08-27T17:00:00,2026-08-27T17:15:00,NORMAL,False,NORMAL,NONE,0.0625,0.0125,0.0125,0.0,0.0,0.0,Continue monitoring current operating conditions.
2026-08-27T17:15:00,2026-08-27T17:30:00,NORMAL,False,NORMAL,NONE,0.1375,0.0375,0.0125,0.0,0.0,0.025,Continue monitoring current operating conditions.
2026-08-27T17:30:00,2026-08-27T17:45:00,NORMAL,False,NORMAL,NONE,0.1125,0.0125,0.0125,0.0125,0.0,0.0,Continue monitoring current operating conditions.
2026-08-27T17:45:00,2026-08-27T18:00:00,NORMAL,False,NORMAL,NONE,0.125,0.0625,0.05,0.025,0.0,0.0125,Continue monitoring current operating conditions.
2026-08-27T18:00:00,2026-08-27T18:15:00,NORMAL,False,NORMAL,NONE,0.075,0.05,0.025,0.0,0.0,0.025,Continue monitoring current operating conditions.
2026-08-27T18:15:00,2026-08-27T18:30:00,NORMAL,False,NORMAL,NONE,0.1125,0.0625,0.0375,0.0,0.025,0.025,Continue monitoring current operating conditions.
2026-08-27T18:30:00,2026-08-27T18:45:00,NORMAL,False,NORMAL,NONE,0.0875,0.05,0.0375,0.0125,0.0125,0.0125,Continue monitoring current operating conditions.
2026-08-27T18:45:00,2026-08-27T19:00:00,NORMAL,False,NORMAL,NONE,0.0625,0.075,0.075,0.0625,0.0125,0.0,Continue monitoring current operating conditions.
2026-08-27T19:00:00,2026-08-27T19:15:00,NORMAL,False,NORMAL,NONE,0.1,0.05,0.05,0.0375,0.0,0.0,Continue monitoring current operating conditions.
2026-08-27T19:15:00,2026-08-27T19:30:00,NORMAL,False,NORMAL,NONE,0.1375,0.025,0.025,0.0125,0.0,0.0,Continue monitoring current operating conditions.
2026-08-27T19:30:00,2026-08-27T19:45:00,NORMAL,False,NORMAL,NONE,0.1,0.025,0.025,0.025,0.0,0.0,Continue monitoring current operating conditions.
2026-08-27T19:45:00,2026-08-27T20:00:00,NORMAL,False,NORMAL,NONE,0.1125,0.0125,0.0,0.0,0.0,0.0125,Continue monitoring current operating conditions.
2026-08-27T20:00:00,2026-08-27T20:15:00,NORMAL,False,NORMAL,NONE,0.1375,0.05,0.05,0.0125,0.0125,0.0,Continue monitoring current operating conditions.
2026-08-27T20:15:00,2026-08-27T20:30:00,NORMAL,False,NORMAL,NONE,0.125,0.025,0.025,0.0,0.0,0.0,Continue monitoring current operating conditions.
2026-08-27T20:30:00,2026-08-27T20:45:00,NORMAL,False,NORMAL,NONE,0.15,0.0375,0.0375,0.0125,0.0,0.0,Continue monitoring current operating conditions.
2026-08-27T20:45:00,2026-08-27T21:00:00,NORMAL,False,NORMAL,NONE,0.0875,0.075,0.0625,0.05,0.0,0.0125,Continue monitoring current operating conditions.
2026-08-27T21:00:00,2026-08-27T21:15:00,NORMAL,False,NORMAL,NONE,0.1625,0.075,0.0625,0.0375,0.0,0.0125,Continue monitoring current operating conditions.
2026-08-27T21:15:00,2026-08-27T21:30:00,NORMAL,False,NORMAL,NONE,0.15,0.025,0.025,0.0125,0.0,0.0,Continue monitoring current operating conditions.
2026-08-27T21:30:00,2026-08-27T21:45:00,NORMAL,False,NORMAL,NONE,0.1,0.1125,0.1,0.0625,0.025,0.0125,Continue monitoring current operating conditions.
2026-08-27T21:45:00,2026-08-27T22:00:00,NORMAL,False,NORMAL,NONE,0.05,0.0625,0.0375,0.0,0.0125,0.025,Continue monitoring current operating conditions.
2026-08-27T22:00:00,2026-08-27T22:15:00,NORMAL,False,NORMAL,NONE,0.0875,0.075,0.05,0.025,0.0,0.025,Continue monitoring current operating conditions.
2026-08-27T22:15:00,2026-08-27T22:30:00,NORMAL,False,NORMAL,NONE,0.125,0.0625,0.0375,0.0375,0.0,0.025,Continue monitoring current operating conditions.
2026-08-27T22:30:00,2026-08-27T22:45:00,NORMAL,False,NORMAL,RETRY_RISK_RATE,0.05,0.05,0.0375,0.0375,0.0,0.0125,Inspect retry patterns and unresolved earlier payment attempts.
2026-08-27T22:45:00,2026-08-27T23:00:00,NORMAL,False,ELEVATED,REVIEW_RATE,0.1875,0.075,0.075,0.05,0.0125,0.0,Inspect the highest-risk transactions and analyst review queue.
2026-08-27T23:00:00,2026-08-27T23:15:00,NORMAL,False,ELEVATED,COMPLAINT_ESCALATION_RATE,0.175,0.0875,0.075,0.025,0.025,0.0125,Review unresolved customer complaints and refund status.
2026-08-27T23:15:00,2026-08-27T23:30:00,NORMAL,False,NORMAL,MEAN_FRAUD_RISK,0.125,0.0125,0.0125,0.0125,0.0,0.0,Review the recent transaction fraud-risk distribution.
2026-08-27T23:30:00,2026-08-27T23:45:00,NORMAL,False,NORMAL,MEAN_FRAUD_RISK,0.1375,0.0625,0.0625,0.025,0.0125,0.0,Review the recent transaction fraud-risk distribution.
2026-08-27T23:45:00,2026-08-28T00:00:00,NORMAL,False,ELEVATED,DEBIT_SERVICE_MISMATCH_RATE,0.0375,0.0875,0.0875,0.0625,0.0,0.0,Check payment callback and reconciliation flow for delayed or failed status updates.
2026-08-28T00:00:00,2026-08-28T00:15:00,NORMAL,False,NORMAL,REVIEW_RATE,0.1375,0.025,0.025,0.0125,0.0,0.0,Inspect the highest-risk transactions and analyst review queue.
2026-08-28T00:15:00,2026-08-28T00:30:00,NORMAL,False,NORMAL,MEAN_FRAUD_RISK,0.1625,0.075,0.05,0.0375,0.0,0.025,Review the recent transaction fraud-risk distribution.
2026-08-28T00:30:00,2026-08-28T00:45:00,NORMAL,False,NORMAL,PAYMENT_INCIDENT_RATE,0.1125,0.1,0.075,0.05,0.0,0.025,Inspect recent payment lifecycle incidents and reconciliation states.
2026-08-28T00:45:00,2026-08-28T01:00:00,NORMAL,False,NORMAL,CAPTURED_UNFULFILLED_RATE,0.1,0.075,0.0625,0.0125,0.0125,0.0125,Check orders captured without fulfilment and reconcile service delivery.
2026-08-28T01:00:00,2026-08-28T01:15:00,NORMAL,False,NORMAL,REVIEW_RATE,0.1625,0.0375,0.0375,0.0125,0.0,0.0,Inspect the highest-risk transactions and analyst review queue.
2026-08-28T01:15:00,2026-08-28T01:30:00,NORMAL,False,NORMAL,MEAN_FRAUD_RISK,0.1125,0.025,0.0125,0.0,0.0,0.0125,Review the recent transaction fraud-risk distribution.
2026-08-28T01:30:00,2026-08-28T01:45:00,NORMAL,False,NORMAL,RETRY_RISK_RATE,0.1125,0.0375,0.025,0.025,0.0,0.0125,Inspect retry patterns and unresolved earlier payment attempts.
2026-08-28T01:45:00,2026-08-28T02:00:00,NORMAL,False,NORMAL,VERY_HIGH_RISK_RATE,0.05,0.0375,0.0375,0.025,0.0,0.0,Inspect the highest-risk transactions and analyst review queue.
2026-08-28T02:00:00,2026-08-28T02:15:00,NORMAL,False,NORMAL,DEBIT_SERVICE_MISMATCH_RATE,0.1625,0.075,0.075,0.05,0.0125,0.0,Check payment callback and reconciliation flow for delayed or failed status updates.
2026-08-28T02:15:00,2026-08-28T02:30:00,NORMAL,False,NORMAL,VERY_HIGH_RISK_RATE,0.1625,0.025,0.025,0.0,0.0,0.0,Inspect the highest-risk transactions and analyst review queue.
2026-08-28T02:30:00,2026-08-28T02:45:00,NORMAL,False,NORMAL,RETRY_RISK_RATE,0.1,0.0625,0.0375,0.0125,0.0125,0.025,Inspect retry patterns and unresolved earlier payment attempts.
2026-08-28T02:45:00,2026-08-28T03:00:00,NORMAL,False,NORMAL,VERY_HIGH_RISK_RATE,0.0625,0.0125,0.0125,0.0125,0.0,0.0,Inspect the highest-risk transactions and analyst review queue.
2026-08-28T03:00:00,2026-08-28T03:15:00,NORMAL,False,NORMAL,COMPLAINT_ESCALATION_RATE,0.1125,0.05,0.0375,0.0125,0.0125,0.0125,Review unresolved customer complaints and refund status.
2026-08-28T03:15:00,2026-08-28T03:30:00,NORMAL,False,NORMAL,RETRY_RISK_RATE,0.1625,0.0625,0.0375,0.0125,0.0125,0.025,Inspect retry patterns and unresolved earlier payment attempts.
2026-08-28T03:30:00,2026-08-28T03:45:00,NORMAL,False,NORMAL,REVIEW_RATE,0.175,0.0625,0.0625,0.0375,0.0125,0.0,Inspect the highest-risk transactions and analyst review queue.
2026-08-28T03:45:00,2026-08-28T04:00:00,NORMAL,False,NORMAL,VERY_HIGH_RISK_RATE,0.075,0.0125,0.0125,0.0,0.0125,0.0,Inspect the highest-risk transactions and analyst review queue.
2026-08-28T04:00:00,2026-08-28T04:15:00,NORMAL,False,NORMAL,CAPTURED_UNFULFILLED_RATE,0.0875,0.0625,0.0625,0.025,0.0,0.0,Check orders captured without fulfilment and reconcile service delivery.
2026-08-28T04:15:00,2026-08-28T04:30:00,NORMAL,False,NORMAL,PAYMENT_INCIDENT_RATE,0.1125,0.075,0.0625,0.0375,0.0125,0.0125,Inspect recent payment lifecycle incidents and reconciliation states.
2026-08-28T04:30:00,2026-08-28T04:45:00,NORMAL,False,NORMAL,REVIEW_RATE,0.15,0.0375,0.0375,0.025,0.0,0.0,Inspect the highest-risk transactions and analyst review queue.
2026-08-28T04:45:00,2026-08-28T05:00:00,NORMAL,False,CRITICAL,COMPLAINT_ESCALATION_RATE,0.1125,0.0875,0.075,0.025,0.0375,0.0125,Review unresolved customer complaints and refund status.
2026-08-28T05:00:00,2026-08-28T05:15:00,NORMAL,False,NORMAL,COMPLAINT_ESCALATION_RATE,0.15,0.0375,0.0375,0.0,0.0125,0.0,Review unresolved customer complaints and refund status.
2026-08-28T05:15:00,2026-08-28T05:30:00,NORMAL,False,HIGH,RETRY_RISK_RATE,0.075,0.0625,0.025,0.0125,0.0,0.0375,Inspect retry patterns and unresolved earlier payment attempts.
2026-08-28T05:30:00,2026-08-28T05:45:00,NORMAL,False,NORMAL,CAPTURED_UNFULFILLED_RATE,0.125,0.075,0.075,0.025,0.0125,0.0,Check orders captured without fulfilment and reconcile service delivery.
2026-08-28T05:45:00,2026-08-28T06:00:00,NORMAL,False,NORMAL,MEAN_FRAUD_RISK,0.15,0.05,0.0375,0.0125,0.0125,0.0125,Review the recent transaction fraud-risk distribution.
2026-08-28T06:00:00,2026-08-28T06:15:00,FRAUD_RISK_SPIKE,True,CRITICAL,MEAN_FRAUD_RISK,0.3875,0.1,0.1,0.0625,0.0125,0.0,Review the recent transaction fraud-risk distribution.
2026-08-28T06:15:00,2026-08-28T06:30:00,FRAUD_RISK_SPIKE,True,CRITICAL,REVIEW_RATE,0.375,0.0875,0.0625,0.0125,0.0125,0.025,Inspect the highest-risk transactions and analyst review queue.
2026-08-28T06:30:00,2026-08-28T06:45:00,FRAUD_RISK_SPIKE,True,CRITICAL,MEAN_FRAUD_RISK,0.45,0.025,0.0125,0.0,0.0,0.0125,Review the recent transaction fraud-risk distribution.
2026-08-28T06:45:00,2026-08-28T07:00:00,FRAUD_RISK_SPIKE,True,CRITICAL,MEAN_FRAUD_RISK,0.2875,0.0875,0.075,0.025,0.0375,0.0125,Review the recent transaction fraud-risk distribution.
2026-08-28T07:00:00,2026-08-28T07:15:00,FRAUD_RISK_SPIKE,True,CRITICAL,MEAN_FRAUD_RISK,0.3125,0.05,0.0375,0.0375,0.0,0.0125,Review the recent transaction fraud-risk distribution.
2026-08-28T07:15:00,2026-08-28T07:30:00,FRAUD_RISK_SPIKE,True,CRITICAL,REVIEW_RATE,0.3125,0.025,0.0125,0.0125,0.0,0.0125,Inspect the highest-risk transactions and analyst review queue.
2026-08-28T07:30:00,2026-08-28T07:45:00,FRAUD_RISK_SPIKE,True,CRITICAL,REVIEW_RATE,0.3,0.0375,0.0125,0.0125,0.0,0.025,Inspect the highest-risk transactions and analyst review queue.
2026-08-28T07:45:00,2026-08-28T08:00:00,FRAUD_RISK_SPIKE,True,CRITICAL,MEAN_FRAUD_RISK,0.3625,0.05,0.05,0.05,0.0,0.0,Review the recent transaction fraud-risk distribution.
2026-08-28T08:00:00,2026-08-28T08:15:00,FRAUD_RISK_SPIKE,True,CRITICAL,MEAN_FRAUD_RISK,0.3,0.075,0.05,0.025,0.0,0.025,Review the recent transaction fraud-risk distribution.
2026-08-28T08:15:00,2026-08-28T08:30:00,FRAUD_RISK_SPIKE,True,CRITICAL,MEAN_FRAUD_RISK,0.3,0.0625,0.0625,0.0375,0.0125,0.0,Review the recent transaction fraud-risk distribution.
2026-08-28T08:30:00,2026-08-28T08:45:00,FRAUD_RISK_SPIKE,True,CRITICAL,REVIEW_RATE,0.3875,0.0375,0.025,0.0125,0.0,0.0125,Inspect the highest-risk transactions and analyst review queue.
2026-08-28T08:45:00,2026-08-28T09:00:00,FRAUD_RISK_SPIKE,True,CRITICAL,REVIEW_RATE,0.2875,0.0875,0.075,0.025,0.0375,0.0125,Inspect the highest-risk transactions and analyst review queue.
2026-08-28T09:00:00,2026-08-28T09:15:00,FRAUD_RISK_SPIKE,True,CRITICAL,MEAN_FRAUD_RISK,0.325,0.0875,0.075,0.0375,0.0125,0.0125,Review the recent transaction fraud-risk distribution.
2026-08-28T09:15:00,2026-08-28T09:30:00,FRAUD_RISK_SPIKE,True,CRITICAL,MEAN_FRAUD_RISK,0.3875,0.1,0.0875,0.0375,0.025,0.0125,Review the recent transaction fraud-risk distribution.
2026-08-28T09:30:00,2026-08-28T09:45:00,FRAUD_RISK_SPIKE,True,CRITICAL,MEAN_FRAUD_RISK,0.3375,0.05,0.0375,0.025,0.0125,0.0125,Review the recent transaction fraud-risk distribution.
2026-08-28T09:45:00,2026-08-28T10:00:00,FRAUD_RISK_SPIKE,True,CRITICAL,REVIEW_RATE,0.325,0.05,0.05,0.0125,0.025,0.0,Inspect the highest-risk transactions and analyst review queue.
2026-08-28T10:00:00,2026-08-28T10:15:00,FRAUD_RISK_SPIKE,True,CRITICAL,MEAN_FRAUD_RISK,0.3,0.0375,0.0375,0.0125,0.0,0.0,Review the recent transaction fraud-risk distribution.
2026-08-28T10:15:00,2026-08-28T10:30:00,FRAUD_RISK_SPIKE,True,CRITICAL,REVIEW_RATE,0.3625,0.1125,0.0875,0.05,0.0125,0.025,Inspect the highest-risk transactions and analyst review queue.
2026-08-28T10:30:00,2026-08-28T10:45:00,FRAUD_RISK_SPIKE,True,CRITICAL,MEAN_FRAUD_RISK,0.2875,0.05,0.05,0.0375,0.0,0.0,Review the recent transaction fraud-risk distribution.
2026-08-28T10:45:00,2026-08-28T11:00:00,FRAUD_RISK_SPIKE,True,CRITICAL,MEAN_FRAUD_RISK,0.35,0.05,0.05,0.025,0.0,0.0,Review the recent transaction fraud-risk distribution.
2026-08-28T11:00:00,2026-08-28T11:15:00,FRAUD_RISK_SPIKE,True,CRITICAL,MEAN_FRAUD_RISK,0.3375,0.1125,0.0875,0.05,0.0,0.025,Review the recent transaction fraud-risk distribution.
2026-08-28T11:15:00,2026-08-28T11:30:00,FRAUD_RISK_SPIKE,True,CRITICAL,REVIEW_RATE,0.3875,0.0125,0.0125,0.0,0.0,0.0,Inspect the highest-risk transactions and analyst review queue.
2026-08-28T11:30:00,2026-08-28T11:45:00,FRAUD_RISK_SPIKE,True,CRITICAL,REVIEW_RATE,0.375,0.025,0.025,0.0125,0.0,0.0,Inspect the highest-risk transactions and analyst review queue.
2026-08-28T11:45:00,2026-08-28T12:00:00,FRAUD_RISK_SPIKE,True,CRITICAL,REVIEW_RATE,0.4125,0.075,0.0625,0.05,0.0,0.0125,Inspect the highest-risk transactions and analyst review queue.
2026-08-28T12:00:00,2026-08-28T12:15:00,FRAUD_RISK_SPIKE,True,CRITICAL,REVIEW_RATE,0.4125,0.0625,0.05,0.025,0.0,0.0125,Inspect the highest-risk transactions and analyst review queue.
2026-08-28T12:15:00,2026-08-28T12:30:00,FRAUD_RISK_SPIKE,True,CRITICAL,REVIEW_RATE,0.3,0.0625,0.0625,0.0375,0.0,0.0,Inspect the highest-risk transactions and analyst review queue.
2026-08-28T12:30:00,2026-08-28T12:45:00,FRAUD_RISK_SPIKE,True,CRITICAL,REVIEW_RATE,0.4125,0.125,0.1,0.0625,0.0125,0.025,Inspect the highest-risk transactions and analyst review queue.
2026-08-28T12:45:00,2026-08-28T13:00:00,FRAUD_RISK_SPIKE,True,CRITICAL,MEAN_FRAUD_RISK,0.4375,0.0625,0.0375,0.025,0.0,0.025,Review the recent transaction fraud-risk distribution.
2026-08-28T13:00:00,2026-08-28T13:15:00,FRAUD_RISK_SPIKE,True,CRITICAL,REVIEW_RATE,0.35,0.0625,0.05,0.0375,0.0125,0.0125,Inspect the highest-risk transactions and analyst review queue.
2026-08-28T13:15:00,2026-08-28T13:30:00,FRAUD_RISK_SPIKE,True,CRITICAL,REVIEW_RATE,0.3,0.0875,0.05,0.025,0.0,0.0375,Inspect the highest-risk transactions and analyst review queue.
2026-08-28T13:30:00,2026-08-28T13:45:00,FRAUD_RISK_SPIKE,True,CRITICAL,MEAN_FRAUD_RISK,0.375,0.1125,0.1,0.0625,0.0,0.0125,Review the recent transaction fraud-risk distribution.
2026-08-28T13:45:00,2026-08-28T14:00:00,FRAUD_RISK_SPIKE,True,CRITICAL,MEAN_FRAUD_RISK,0.3125,0.0625,0.0625,0.0375,0.0,0.0,Review the recent transaction fraud-risk distribution.
2026-08-28T14:00:00,2026-08-28T14:15:00,FRAUD_RISK_SPIKE,True,CRITICAL,MEAN_FRAUD_RISK,0.2875,0.05,0.0375,0.025,0.0,0.0125,Review the recent transaction fraud-risk distribution.
2026-08-28T14:15:00,2026-08-28T14:30:00,FRAUD_RISK_SPIKE,True,CRITICAL,MEAN_FRAUD_RISK,0.325,0.0375,0.025,0.025,0.0,0.0125,Review the recent transaction fraud-risk distribution.
2026-08-28T14:30:00,2026-08-28T14:45:00,FRAUD_RISK_SPIKE,True,CRITICAL,REVIEW_RATE,0.3375,0.025,0.025,0.025,0.0,0.0,Inspect the highest-risk transactions and analyst review queue.
2026-08-28T14:45:00,2026-08-28T15:00:00,PAYMENT_INCIDENT_SPIKE,True,CRITICAL,RETRY_RISK_RATE,0.075,0.1875,0.0875,0.075,0.0125,0.1,Inspect retry patterns and unresolved earlier payment attempts.
2026-08-28T15:00:00,2026-08-28T15:15:00,PAYMENT_INCIDENT_SPIKE,True,CRITICAL,COMPLAINT_ESCALATION_RATE,0.2,0.225,0.1875,0.05,0.075,0.0375,Review unresolved customer complaints and refund status.
2026-08-28T15:15:00,2026-08-28T15:30:00,PAYMENT_INCIDENT_SPIKE,True,CRITICAL,COMPLAINT_ESCALATION_RATE,0.1,0.2125,0.1625,0.075,0.0625,0.05,Review unresolved customer complaints and refund status.
2026-08-28T15:30:00,2026-08-28T15:45:00,PAYMENT_INCIDENT_SPIKE,True,CRITICAL,COMPLAINT_ESCALATION_RATE,0.1125,0.225,0.2,0.075,0.0875,0.025,Review unresolved customer complaints and refund status.
2026-08-28T15:45:00,2026-08-28T16:00:00,PAYMENT_INCIDENT_SPIKE,True,CRITICAL,COMPLAINT_ESCALATION_RATE,0.125,0.2125,0.2125,0.075,0.075,0.0,Review unresolved customer complaints and refund status.
2026-08-28T16:00:00,2026-08-28T16:15:00,PAYMENT_INCIDENT_SPIKE,True,CRITICAL,PAYMENT_INCIDENT_RATE,0.175,0.2375,0.175,0.075,0.0375,0.0625,Inspect recent payment lifecycle incidents and reconciliation states.
2026-08-28T16:15:00,2026-08-28T16:30:00,PAYMENT_INCIDENT_SPIKE,True,CRITICAL,PAYMENT_INCIDENT_RATE,0.0375,0.2125,0.15,0.0875,0.0125,0.0625,Inspect recent payment lifecycle incidents and reconciliation states.
2026-08-28T16:30:00,2026-08-28T16:45:00,PAYMENT_INCIDENT_SPIKE,True,CRITICAL,COMPLAINT_ESCALATION_RATE,0.1375,0.3,0.2125,0.1,0.0875,0.0875,Review unresolved customer complaints and refund status.
2026-08-28T16:45:00,2026-08-28T17:00:00,PAYMENT_INCIDENT_SPIKE,True,CRITICAL,PAYMENT_INCIDENT_RATE,0.175,0.2,0.175,0.075,0.05,0.025,Inspect recent payment lifecycle incidents and reconciliation states.
2026-08-28T17:00:00,2026-08-28T17:15:00,PAYMENT_INCIDENT_SPIKE,True,CRITICAL,COMPLAINT_ESCALATION_RATE,0.225,0.2625,0.2125,0.075,0.075,0.05,Review unresolved customer complaints and refund status.
2026-08-28T17:15:00,2026-08-28T17:30:00,PAYMENT_INCIDENT_SPIKE,True,CRITICAL,COMPLAINT_ESCALATION_RATE,0.15,0.2125,0.15,0.025,0.075,0.0625,Review unresolved customer complaints and refund status.
2026-08-28T17:30:00,2026-08-28T17:45:00,PAYMENT_INCIDENT_SPIKE,True,CRITICAL,COMPLAINT_ESCALATION_RATE,0.1125,0.225,0.1625,0.05,0.075,0.0625,Review unresolved customer complaints and refund status.
2026-08-28T17:45:00,2026-08-28T18:00:00,PAYMENT_INCIDENT_SPIKE,True,CRITICAL,PAYMENT_INCIDENT_RATE,0.1875,0.3,0.2,0.075,0.0625,0.1,Inspect recent payment lifecycle incidents and reconciliation states.
2026-08-28T18:00:00,2026-08-28T18:15:00,PAYMENT_INCIDENT_SPIKE,True,CRITICAL,PAYMENT_INCIDENT_RATE,0.1875,0.175,0.1375,0.0375,0.025,0.0375,Inspect recent payment lifecycle incidents and reconciliation states.
2026-08-28T18:15:00,2026-08-28T18:30:00,PAYMENT_INCIDENT_SPIKE,True,CRITICAL,COMPLAINT_ESCALATION_RATE,0.1375,0.15,0.1125,0.0625,0.05,0.0375,Review unresolved customer complaints and refund status.
2026-08-28T18:30:00,2026-08-28T18:45:00,PAYMENT_INCIDENT_SPIKE,True,CRITICAL,COMPLAINT_ESCALATION_RATE,0.075,0.2,0.175,0.05,0.075,0.025,Review unresolved customer complaints and refund status.
2026-08-28T18:45:00,2026-08-28T19:00:00,PAYMENT_INCIDENT_SPIKE,True,CRITICAL,PAYMENT_INCIDENT_RATE,0.1,0.2375,0.1875,0.075,0.05,0.05,Inspect recent payment lifecycle incidents and reconciliation states.
2026-08-28T19:00:00,2026-08-28T19:15:00,PAYMENT_INCIDENT_SPIKE,True,CRITICAL,COMPLAINT_ESCALATION_RATE,0.1625,0.3,0.2625,0.0875,0.1,0.0375,Review unresolved customer complaints and refund status.
2026-08-28T19:15:00,2026-08-28T19:30:00,PAYMENT_INCIDENT_SPIKE,True,CRITICAL,COMPLAINT_ESCALATION_RATE,0.125,0.1875,0.175,0.0625,0.0625,0.0125,Review unresolved customer complaints and refund status.
2026-08-28T19:30:00,2026-08-28T19:45:00,PAYMENT_INCIDENT_SPIKE,True,CRITICAL,COMPLAINT_ESCALATION_RATE,0.125,0.2375,0.2125,0.05,0.1,0.025,Review unresolved customer complaints and refund status.
2026-08-28T19:45:00,2026-08-28T20:00:00,PAYMENT_INCIDENT_SPIKE,True,CRITICAL,COMPLAINT_ESCALATION_RATE,0.15,0.2,0.1875,0.075,0.05,0.0125,Review unresolved customer complaints and refund status.
2026-08-28T20:00:00,2026-08-28T20:15:00,PAYMENT_INCIDENT_SPIKE,True,CRITICAL,CAPTURED_UNFULFILLED_RATE,0.1,0.1875,0.1625,0.0375,0.025,0.025,Check orders captured without fulfilment and reconcile service delivery.
2026-08-28T20:15:00,2026-08-28T20:30:00,PAYMENT_INCIDENT_SPIKE,True,CRITICAL,PAYMENT_INCIDENT_RATE,0.0875,0.275,0.1875,0.0875,0.0375,0.0875,Inspect recent payment lifecycle incidents and reconciliation states.
2026-08-28T20:30:00,2026-08-28T20:45:00,PAYMENT_INCIDENT_SPIKE,True,CRITICAL,CRITICAL_HIGH_INCIDENT_RATE,0.125,0.2375,0.2125,0.0625,0.0625,0.025,Prioritize high and critical payment incident response.
2026-08-28T20:45:00,2026-08-28T21:00:00,PAYMENT_INCIDENT_SPIKE,True,CRITICAL,PAYMENT_INCIDENT_RATE,0.175,0.3,0.2625,0.0875,0.05,0.0375,Inspect recent payment lifecycle incidents and reconciliation states.
2026-08-28T21:00:00,2026-08-28T21:15:00,PAYMENT_INCIDENT_SPIKE,True,CRITICAL,PAYMENT_INCIDENT_RATE,0.2,0.2,0.15,0.1,0.05,0.05,Inspect recent payment lifecycle incidents and reconciliation states.
2026-08-28T21:15:00,2026-08-28T21:30:00,PAYMENT_INCIDENT_SPIKE,True,CRITICAL,PAYMENT_INCIDENT_RATE,0.1125,0.2,0.175,0.0625,0.05,0.025,Inspect recent payment lifecycle incidents and reconciliation states.
2026-08-28T21:30:00,2026-08-28T21:45:00,PAYMENT_INCIDENT_SPIKE,True,CRITICAL,COMPLAINT_ESCALATION_RATE,0.125,0.2875,0.2625,0.05,0.1,0.025,Review unresolved customer complaints and refund status.
2026-08-28T21:45:00,2026-08-28T22:00:00,PAYMENT_INCIDENT_SPIKE,True,CRITICAL,PAYMENT_INCIDENT_RATE,0.1375,0.2625,0.1875,0.075,0.025,0.075,Inspect recent payment lifecycle incidents and reconciliation states.
2026-08-28T22:00:00,2026-08-28T22:15:00,PAYMENT_INCIDENT_SPIKE,True,CRITICAL,PAYMENT_INCIDENT_RATE,0.1,0.25,0.2,0.125,0.0375,0.05,Inspect recent payment lifecycle incidents and reconciliation states.
2026-08-28T22:15:00,2026-08-28T22:30:00,PAYMENT_INCIDENT_SPIKE,True,CRITICAL,COMPLAINT_ESCALATION_RATE,0.0875,0.3,0.275,0.1,0.0875,0.025,Review unresolved customer complaints and refund status.
2026-08-28T22:30:00,2026-08-28T22:45:00,PAYMENT_INCIDENT_SPIKE,True,CRITICAL,COMPLAINT_ESCALATION_RATE,0.175,0.2125,0.2,0.0875,0.075,0.0125,Review unresolved customer complaints and refund status.
2026-08-28T22:45:00,2026-08-28T23:00:00,PAYMENT_INCIDENT_SPIKE,True,CRITICAL,PAYMENT_INCIDENT_RATE,0.175,0.175,0.15,0.0625,0.025,0.025,Inspect recent payment lifecycle incidents and reconciliation states.
2026-08-28T23:00:00,2026-08-28T23:15:00,PAYMENT_INCIDENT_SPIKE,True,CRITICAL,COMPLAINT_ESCALATION_RATE,0.1125,0.2625,0.25,0.1125,0.0875,0.0125,Review unresolved customer complaints and refund status.
2026-08-28T23:15:00,2026-08-28T23:30:00,PAYMENT_INCIDENT_SPIKE,True,CRITICAL,CRITICAL_HIGH_INCIDENT_RATE,0.1375,0.2,0.175,0.1,0.0375,0.025,Prioritize high and critical payment incident response.
2026-08-28T23:30:00,2026-08-28T23:45:00,DEBIT_SERVICE_MISMATCH_SPIKE,True,CRITICAL,DEBIT_SERVICE_MISMATCH_RATE,0.0875,0.2,0.1875,0.175,0.0125,0.0125,Check payment callback and reconciliation flow for delayed or failed status updates.
2026-08-28T23:45:00,2026-08-29T00:00:00,DEBIT_SERVICE_MISMATCH_SPIKE,True,CRITICAL,DEBIT_SERVICE_MISMATCH_RATE,0.1125,0.0625,0.0625,0.05,0.0,0.0,Check payment callback and reconciliation flow for delayed or failed status updates.
2026-08-29T00:00:00,2026-08-29T00:15:00,DEBIT_SERVICE_MISMATCH_SPIKE,True,CRITICAL,DEBIT_SERVICE_MISMATCH_RATE,0.1375,0.175,0.175,0.1625,0.0,0.0,Check payment callback and reconciliation flow for delayed or failed status updates.
2026-08-29T00:15:00,2026-08-29T00:30:00,DEBIT_SERVICE_MISMATCH_SPIKE,True,CRITICAL,DEBIT_SERVICE_MISMATCH_RATE,0.125,0.2,0.175,0.125,0.0,0.025,Check payment callback and reconciliation flow for delayed or failed status updates.
2026-08-29T00:30:00,2026-08-29T00:45:00,DEBIT_SERVICE_MISMATCH_SPIKE,True,CRITICAL,DEBIT_SERVICE_MISMATCH_RATE,0.1,0.1625,0.1625,0.1375,0.0125,0.0,Check payment callback and reconciliation flow for delayed or failed status updates.
2026-08-29T00:45:00,2026-08-29T01:00:00,DEBIT_SERVICE_MISMATCH_SPIKE,True,CRITICAL,DEBIT_SERVICE_MISMATCH_RATE,0.125,0.1875,0.175,0.15,0.0125,0.0125,Check payment callback and reconciliation flow for delayed or failed status updates.
2026-08-29T01:00:00,2026-08-29T01:15:00,DEBIT_SERVICE_MISMATCH_SPIKE,True,CRITICAL,DEBIT_SERVICE_MISMATCH_RATE,0.1125,0.1375,0.1375,0.1125,0.0,0.0,Check payment callback and reconciliation flow for delayed or failed status updates.
2026-08-29T01:15:00,2026-08-29T01:30:00,DEBIT_SERVICE_MISMATCH_SPIKE,True,CRITICAL,DEBIT_SERVICE_MISMATCH_RATE,0.0875,0.15,0.15,0.125,0.0125,0.0,Check payment callback and reconciliation flow for delayed or failed status updates.
2026-08-29T01:30:00,2026-08-29T01:45:00,DEBIT_SERVICE_MISMATCH_SPIKE,True,CRITICAL,DEBIT_SERVICE_MISMATCH_RATE,0.125,0.1875,0.175,0.1625,0.0,0.0125,Check payment callback and reconciliation flow for delayed or failed status updates.
2026-08-29T01:45:00,2026-08-29T02:00:00,DEBIT_SERVICE_MISMATCH_SPIKE,True,CRITICAL,DEBIT_SERVICE_MISMATCH_RATE,0.1875,0.275,0.2625,0.2375,0.0,0.0125,Check payment callback and reconciliation flow for delayed or failed status updates.
2026-08-29T02:00:00,2026-08-29T02:15:00,DEBIT_SERVICE_MISMATCH_SPIKE,True,CRITICAL,DEBIT_SERVICE_MISMATCH_RATE,0.225,0.2,0.1875,0.1625,0.025,0.0125,Check payment callback and reconciliation flow for delayed or failed status updates.
2026-08-29T02:15:00,2026-08-29T02:30:00,DEBIT_SERVICE_MISMATCH_SPIKE,True,CRITICAL,DEBIT_SERVICE_MISMATCH_RATE,0.1125,0.2125,0.2,0.1625,0.0125,0.0125,Check payment callback and reconciliation flow for delayed or failed status updates.
2026-08-29T02:30:00,2026-08-29T02:45:00,DEBIT_SERVICE_MISMATCH_SPIKE,True,CRITICAL,DEBIT_SERVICE_MISMATCH_RATE,0.125,0.225,0.2125,0.2,0.0,0.0125,Check payment callback and reconciliation flow for delayed or failed status updates.
2026-08-29T02:45:00,2026-08-29T03:00:00,DEBIT_SERVICE_MISMATCH_SPIKE,True,CRITICAL,DEBIT_SERVICE_MISMATCH_RATE,0.175,0.1,0.1,0.0875,0.0,0.0,Check payment callback and reconciliation flow for delayed or failed status updates.
2026-08-29T03:00:00,2026-08-29T03:15:00,DEBIT_SERVICE_MISMATCH_SPIKE,True,CRITICAL,DEBIT_SERVICE_MISMATCH_RATE,0.1375,0.225,0.225,0.1875,0.0,0.0,Check payment callback and reconciliation flow for delayed or failed status updates.
2026-08-29T03:15:00,2026-08-29T03:30:00,DEBIT_SERVICE_MISMATCH_SPIKE,True,CRITICAL,DEBIT_SERVICE_MISMATCH_RATE,0.125,0.15,0.15,0.125,0.0125,0.0,Check payment callback and reconciliation flow for delayed or failed status updates.
2026-08-29T03:30:00,2026-08-29T03:45:00,DEBIT_SERVICE_MISMATCH_SPIKE,True,CRITICAL,DEBIT_SERVICE_MISMATCH_RATE,0.1,0.1375,0.1375,0.1375,0.0,0.0,Check payment callback and reconciliation flow for delayed or failed status updates.
2026-08-29T03:45:00,2026-08-29T04:00:00,DEBIT_SERVICE_MISMATCH_SPIKE,True,CRITICAL,DEBIT_SERVICE_MISMATCH_RATE,0.1,0.15,0.1375,0.125,0.0,0.0125,Check payment callback and reconciliation flow for delayed or failed status updates.
2026-08-29T04:00:00,2026-08-29T04:15:00,DEBIT_SERVICE_MISMATCH_SPIKE,True,CRITICAL,DEBIT_SERVICE_MISMATCH_RATE,0.1125,0.1,0.1,0.1,0.0,0.0,Check payment callback and reconciliation flow for delayed or failed status updates.
2026-08-29T04:15:00,2026-08-29T04:30:00,DEBIT_SERVICE_MISMATCH_SPIKE,True,CRITICAL,DEBIT_SERVICE_MISMATCH_RATE,0.125,0.175,0.175,0.1625,0.0,0.0,Check payment callback and reconciliation flow for delayed or failed status updates.
2026-08-29T04:30:00,2026-08-29T04:45:00,DEBIT_SERVICE_MISMATCH_SPIKE,True,CRITICAL,DEBIT_SERVICE_MISMATCH_RATE,0.1375,0.1875,0.1625,0.1375,0.0,0.025,Check payment callback and reconciliation flow for delayed or failed status updates.
2026-08-29T04:45:00,2026-08-29T05:00:00,DEBIT_SERVICE_MISMATCH_SPIKE,True,CRITICAL,DEBIT_SERVICE_MISMATCH_RATE,0.1625,0.2,0.1625,0.1375,0.0,0.0375,Check payment callback and reconciliation flow for delayed or failed status updates.
2026-08-29T05:00:00,2026-08-29T05:15:00,DEBIT_SERVICE_MISMATCH_SPIKE,True,CRITICAL,DEBIT_SERVICE_MISMATCH_RATE,0.075,0.1875,0.1875,0.15,0.0,0.0,Check payment callback and reconciliation flow for delayed or failed status updates.
2026-08-29T05:15:00,2026-08-29T05:30:00,DEBIT_SERVICE_MISMATCH_SPIKE,True,CRITICAL,CRITICAL_HIGH_INCIDENT_RATE,0.1125,0.2125,0.2125,0.125,0.0375,0.0,Prioritize high and critical payment incident response.
2026-08-29T05:30:00,2026-08-29T05:45:00,DEBIT_SERVICE_MISMATCH_SPIKE,True,CRITICAL,DEBIT_SERVICE_MISMATCH_RATE,0.1125,0.1625,0.15,0.1375,0.0,0.0125,Check payment callback and reconciliation flow for delayed or failed status updates.
2026-08-29T05:45:00,2026-08-29T06:00:00,DEBIT_SERVICE_MISMATCH_SPIKE,True,CRITICAL,DEBIT_SERVICE_MISMATCH_RATE,0.1125,0.1875,0.1625,0.125,0.0125,0.025,Check payment callback and reconciliation flow for delayed or failed status updates.
2026-08-29T06:00:00,2026-08-29T06:15:00,DEBIT_SERVICE_MISMATCH_SPIKE,True,CRITICAL,DEBIT_SERVICE_MISMATCH_RATE,0.1125,0.1875,0.175,0.15,0.0,0.0125,Check payment callback and reconciliation flow for delayed or failed status updates.
2026-08-29T06:15:00,2026-08-29T06:30:00,DEBIT_SERVICE_MISMATCH_SPIKE,True,CRITICAL,DEBIT_SERVICE_MISMATCH_RATE,0.175,0.1125,0.1,0.1,0.0,0.0125,Check payment callback and reconciliation flow for delayed or failed status updates.
2026-08-29T06:30:00,2026-08-29T06:45:00,DEBIT_SERVICE_MISMATCH_SPIKE,True,CRITICAL,DEBIT_SERVICE_MISMATCH_RATE,0.0625,0.1375,0.1375,0.1,0.025,0.0,Check payment callback and reconciliation flow for delayed or failed status updates.
2026-08-29T06:45:00,2026-08-29T07:00:00,DEBIT_SERVICE_MISMATCH_SPIKE,True,CRITICAL,DEBIT_SERVICE_MISMATCH_RATE,0.15,0.15,0.125,0.125,0.0,0.025,Check payment callback and reconciliation flow for delayed or failed status updates.
2026-08-29T07:00:00,2026-08-29T07:15:00,COMPLAINT_SPIKE,True,CRITICAL,COMPLAINT_ESCALATION_RATE,0.1375,0.125,0.1125,0.025,0.0625,0.0125,Review unresolved customer complaints and refund status.
2026-08-29T07:15:00,2026-08-29T07:30:00,COMPLAINT_SPIKE,True,CRITICAL,COMPLAINT_ESCALATION_RATE,0.2,0.175,0.15,0.025,0.1,0.025,Review unresolved customer complaints and refund status.
2026-08-29T07:30:00,2026-08-29T07:45:00,COMPLAINT_SPIKE,True,CRITICAL,COMPLAINT_ESCALATION_RATE,0.1625,0.1125,0.1,0.0,0.1,0.0125,Review unresolved customer complaints and refund status.
2026-08-29T07:45:00,2026-08-29T08:00:00,COMPLAINT_SPIKE,True,CRITICAL,COMPLAINT_ESCALATION_RATE,0.2,0.175,0.15,0.025,0.1,0.025,Review unresolved customer complaints and refund status.
2026-08-29T08:00:00,2026-08-29T08:15:00,COMPLAINT_SPIKE,True,CRITICAL,COMPLAINT_ESCALATION_RATE,0.1,0.1375,0.1375,0.0125,0.1,0.0,Review unresolved customer complaints and refund status.
2026-08-29T08:15:00,2026-08-29T08:30:00,COMPLAINT_SPIKE,True,CRITICAL,COMPLAINT_ESCALATION_RATE,0.15,0.2,0.2,0.0375,0.1125,0.0,Review unresolved customer complaints and refund status.
2026-08-29T08:30:00,2026-08-29T08:45:00,COMPLAINT_SPIKE,True,CRITICAL,COMPLAINT_ESCALATION_RATE,0.1125,0.175,0.1375,0.025,0.1,0.0375,Review unresolved customer complaints and refund status.
2026-08-29T08:45:00,2026-08-29T09:00:00,COMPLAINT_SPIKE,True,CRITICAL,COMPLAINT_ESCALATION_RATE,0.15,0.1,0.1,0.0375,0.0625,0.0,Review unresolved customer complaints and refund status.
2026-08-29T09:00:00,2026-08-29T09:15:00,COMPLAINT_SPIKE,True,CRITICAL,COMPLAINT_ESCALATION_RATE,0.1125,0.125,0.125,0.0375,0.0375,0.0,Review unresolved customer complaints and refund status.
2026-08-29T09:15:00,2026-08-29T09:30:00,COMPLAINT_SPIKE,True,CRITICAL,COMPLAINT_ESCALATION_RATE,0.1375,0.1,0.075,0.025,0.05,0.025,Review unresolved customer complaints and refund status.
2026-08-29T09:30:00,2026-08-29T09:45:00,COMPLAINT_SPIKE,True,CRITICAL,COMPLAINT_ESCALATION_RATE,0.125,0.15,0.15,0.025,0.075,0.0,Review unresolved customer complaints and refund status.
2026-08-29T09:45:00,2026-08-29T10:00:00,COMPLAINT_SPIKE,True,CRITICAL,COMPLAINT_ESCALATION_RATE,0.075,0.1375,0.125,0.025,0.05,0.0125,Review unresolved customer complaints and refund status.
2026-08-29T10:00:00,2026-08-29T10:15:00,COMPLAINT_SPIKE,True,CRITICAL,COMPLAINT_ESCALATION_RATE,0.1375,0.125,0.1,0.0625,0.0375,0.025,Review unresolved customer complaints and refund status.
2026-08-29T10:15:00,2026-08-29T10:30:00,COMPLAINT_SPIKE,True,CRITICAL,COMPLAINT_ESCALATION_RATE,0.1,0.1375,0.0875,0.025,0.0625,0.05,Review unresolved customer complaints and refund status.
2026-08-29T10:30:00,2026-08-29T10:45:00,COMPLAINT_SPIKE,True,CRITICAL,COMPLAINT_ESCALATION_RATE,0.15,0.1875,0.175,0.0375,0.1,0.0125,Review unresolved customer complaints and refund status.
2026-08-29T10:45:00,2026-08-29T11:00:00,COMPLAINT_SPIKE,True,CRITICAL,COMPLAINT_ESCALATION_RATE,0.125,0.1125,0.0875,0.025,0.0375,0.025,Review unresolved customer complaints and refund status.
2026-08-29T11:00:00,2026-08-29T11:15:00,COMPLAINT_SPIKE,True,CRITICAL,COMPLAINT_ESCALATION_RATE,0.15,0.1875,0.1375,0.025,0.0875,0.05,Review unresolved customer complaints and refund status.
2026-08-29T11:15:00,2026-08-29T11:30:00,COMPLAINT_SPIKE,True,CRITICAL,COMPLAINT_ESCALATION_RATE,0.075,0.2,0.15,0.0125,0.1125,0.05,Review unresolved customer complaints and refund status.
2026-08-29T11:30:00,2026-08-29T11:45:00,COMPLAINT_SPIKE,True,CRITICAL,COMPLAINT_ESCALATION_RATE,0.1125,0.1875,0.1625,0.0625,0.0875,0.025,Review unresolved customer complaints and refund status.
2026-08-29T11:45:00,2026-08-29T12:00:00,COMPLAINT_SPIKE,True,CRITICAL,COMPLAINT_ESCALATION_RATE,0.225,0.125,0.1125,0.05,0.0625,0.0125,Review unresolved customer complaints and refund status.
2026-08-29T12:00:00,2026-08-29T12:15:00,COMPLAINT_SPIKE,True,CRITICAL,COMPLAINT_ESCALATION_RATE,0.0875,0.1375,0.1125,0.0125,0.0875,0.025,Review unresolved customer complaints and refund status.
2026-08-29T12:15:00,2026-08-29T12:30:00,COMPLAINT_SPIKE,True,CRITICAL,COMPLAINT_ESCALATION_RATE,0.175,0.075,0.075,0.0125,0.05,0.0,Review unresolved customer complaints and refund status.
2026-08-29T12:30:00,2026-08-29T12:45:00,COMPLAINT_SPIKE,True,CRITICAL,COMPLAINT_ESCALATION_RATE,0.15,0.0875,0.075,0.0375,0.0375,0.0125,Review unresolved customer complaints and refund status.
2026-08-29T12:45:00,2026-08-29T13:00:00,COMPLAINT_SPIKE,True,CRITICAL,COMPLAINT_ESCALATION_RATE,0.125,0.1875,0.15,0.0375,0.1,0.0375,Review unresolved customer complaints and refund status.
2026-08-29T13:00:00,2026-08-29T13:15:00,COMPLAINT_SPIKE,True,CRITICAL,COMPLAINT_ESCALATION_RATE,0.0875,0.1375,0.125,0.0125,0.1,0.0125,Review unresolved customer complaints and refund status.
2026-08-29T13:15:00,2026-08-29T13:30:00,RETRY_SPIKE,True,CRITICAL,RETRY_RISK_RATE,0.0875,0.2125,0.1,0.0375,0.0125,0.1125,Inspect retry patterns and unresolved earlier payment attempts.
2026-08-29T13:30:00,2026-08-29T13:45:00,RETRY_SPIKE,True,CRITICAL,RETRY_RISK_RATE,0.225,0.2,0.0375,0.025,0.0,0.1625,Inspect retry patterns and unresolved earlier payment attempts.
2026-08-29T13:45:00,2026-08-29T14:00:00,RETRY_SPIKE,True,CRITICAL,RETRY_RISK_RATE,0.1,0.15,0.05,0.0125,0.0,0.1,Inspect retry patterns and unresolved earlier payment attempts.
2026-08-29T14:00:00,2026-08-29T14:15:00,RETRY_SPIKE,True,CRITICAL,RETRY_RISK_RATE,0.0875,0.1375,0.0625,0.0625,0.0,0.075,Inspect retry patterns and unresolved earlier payment attempts.
2026-08-29T14:15:00,2026-08-29T14:30:00,RETRY_SPIKE,True,CRITICAL,RETRY_RISK_RATE,0.1625,0.1625,0.075,0.0375,0.0,0.0875,Inspect retry patterns and unresolved earlier payment attempts.
2026-08-29T14:30:00,2026-08-29T14:45:00,RETRY_SPIKE,True,CRITICAL,RETRY_RISK_RATE,0.15,0.1875,0.0625,0.0375,0.0,0.125,Inspect retry patterns and unresolved earlier payment attempts.
2026-08-29T14:45:00,2026-08-29T15:00:00,RETRY_SPIKE,True,CRITICAL,RETRY_RISK_RATE,0.1,0.1875,0.0875,0.025,0.0,0.1,Inspect retry patterns and unresolved earlier payment attempts.
2026-08-29T15:00:00,2026-08-29T15:15:00,RETRY_SPIKE,True,CRITICAL,RETRY_RISK_RATE,0.1875,0.1875,0.0875,0.0375,0.0,0.1,Inspect retry patterns and unresolved earlier payment attempts.
2026-08-29T15:15:00,2026-08-29T15:30:00,RETRY_SPIKE,True,CRITICAL,RETRY_RISK_RATE,0.125,0.1375,0.0125,0.0,0.0,0.125,Inspect retry patterns and unresolved earlier payment attempts.
2026-08-29T15:30:00,2026-08-29T15:45:00,RETRY_SPIKE,True,CRITICAL,RETRY_RISK_RATE,0.1375,0.1,0.0375,0.025,0.0,0.0625,Inspect retry patterns and unresolved earlier payment attempts.
2026-08-29T15:45:00,2026-08-29T16:00:00,RETRY_SPIKE,True,CRITICAL,RETRY_RISK_RATE,0.0625,0.1625,0.0625,0.0125,0.0,0.1,Inspect retry patterns and unresolved earlier payment attempts.
2026-08-29T16:00:00,2026-08-29T16:15:00,RETRY_SPIKE,True,CRITICAL,RETRY_RISK_RATE,0.1375,0.175,0.0375,0.0125,0.0125,0.1375,Inspect retry patterns and unresolved earlier payment attempts.
2026-08-29T16:15:00,2026-08-29T16:30:00,RETRY_SPIKE,True,CRITICAL,RETRY_RISK_RATE,0.1125,0.1375,0.025,0.025,0.0,0.1125,Inspect retry patterns and unresolved earlier payment attempts.
2026-08-29T16:30:00,2026-08-29T16:45:00,RETRY_SPIKE,True,CRITICAL,RETRY_RISK_RATE,0.15,0.175,0.075,0.0625,0.0125,0.1,Inspect retry patterns and unresolved earlier payment attempts.
2026-08-29T16:45:00,2026-08-29T17:00:00,RETRY_SPIKE,True,CRITICAL,RETRY_RISK_RATE,0.175,0.2125,0.0625,0.05,0.0,0.15,Inspect retry patterns and unresolved earlier payment attempts.
2026-08-29T17:00:00,2026-08-29T17:15:00,RETRY_SPIKE,True,CRITICAL,RETRY_RISK_RATE,0.125,0.1875,0.05,0.0125,0.0125,0.1375,Inspect retry patterns and unresolved earlier payment attempts.
2026-08-29T17:15:00,2026-08-29T17:30:00,RETRY_SPIKE,True,CRITICAL,RETRY_RISK_RATE,0.15,0.075,0.025,0.0125,0.0125,0.05,Inspect retry patterns and unresolved earlier payment attempts.
2026-08-29T17:30:00,2026-08-29T17:45:00,RETRY_SPIKE,True,CRITICAL,RETRY_RISK_RATE,0.1,0.1875,0.1125,0.0375,0.025,0.075,Inspect retry patterns and unresolved earlier payment attempts.
2026-08-29T17:45:00,2026-08-29T18:00:00,RETRY_SPIKE,True,CRITICAL,RETRY_RISK_RATE,0.175,0.125,0.05,0.0375,0.0,0.075,Inspect retry patterns and unresolved earlier payment attempts.
2026-08-29T18:00:00,2026-08-29T18:15:00,RETRY_SPIKE,True,CRITICAL,RETRY_RISK_RATE,0.1,0.125,0.025,0.025,0.0,0.1,Inspect retry patterns and unresolved earlier payment attempts.
2026-08-29T18:15:00,2026-08-29T18:30:00,RETRY_SPIKE,True,CRITICAL,RETRY_RISK_RATE,0.125,0.1875,0.075,0.0375,0.0125,0.1125,Inspect retry patterns and unresolved earlier payment attempts.
2026-08-29T18:30:00,2026-08-29T18:45:00,RETRY_SPIKE,True,CRITICAL,RETRY_RISK_RATE,0.225,0.1375,0.05,0.025,0.0,0.0875,Inspect retry patterns and unresolved earlier payment attempts.
2026-08-29T18:45:00,2026-08-29T19:00:00,RETRY_SPIKE,True,CRITICAL,RETRY_RISK_RATE,0.1625,0.175,0.0375,0.025,0.0125,0.1375,Inspect retry patterns and unresolved earlier payment attempts.
2026-08-29T19:00:00,2026-08-29T19:15:00,RETRY_SPIKE,True,CRITICAL,RETRY_RISK_RATE,0.1625,0.1625,0.0125,0.0125,0.0,0.15,Inspect retry patterns and unresolved earlier payment attempts.
2026-08-29T19:15:00,2026-08-29T19:30:00,RETRY_SPIKE,True,CRITICAL,RETRY_RISK_RATE,0.0625,0.1125,0.0375,0.0125,0.0125,0.075,Inspect retry patterns and unresolved earlier payment attempts.
2026-08-29T19:30:00,2026-08-29T19:45:00,MIXED_RISK_SPIKE,True,CRITICAL,CRITICAL_HIGH_INCIDENT_RATE,0.325,0.25,0.225,0.15,0.025,0.025,Prioritize high and critical payment incident response.
2026-08-29T19:45:00,2026-08-29T20:00:00,MIXED_RISK_SPIKE,True,CRITICAL,PAYMENT_INCIDENT_RATE,0.3,0.3375,0.275,0.1,0.0875,0.0625,Inspect recent payment lifecycle incidents and reconciliation states.
2026-08-29T20:00:00,2026-08-29T20:15:00,MIXED_RISK_SPIKE,True,CRITICAL,PAYMENT_INCIDENT_RATE,0.275,0.275,0.1875,0.0875,0.025,0.0875,Inspect recent payment lifecycle incidents and reconciliation states.
2026-08-29T20:15:00,2026-08-29T20:30:00,MIXED_RISK_SPIKE,True,CRITICAL,PAYMENT_INCIDENT_RATE,0.25,0.2875,0.225,0.075,0.075,0.0625,Inspect recent payment lifecycle incidents and reconciliation states.
2026-08-29T20:30:00,2026-08-29T20:45:00,MIXED_RISK_SPIKE,True,CRITICAL,PAYMENT_INCIDENT_RATE,0.3,0.225,0.2,0.15,0.0375,0.025,Inspect recent payment lifecycle incidents and reconciliation states.
2026-08-29T20:45:00,2026-08-29T21:00:00,MIXED_RISK_SPIKE,True,CRITICAL,PAYMENT_INCIDENT_RATE,0.2875,0.375,0.275,0.175,0.025,0.1,Inspect recent payment lifecycle incidents and reconciliation states.
2026-08-29T21:00:00,2026-08-29T21:15:00,MIXED_RISK_SPIKE,True,CRITICAL,PAYMENT_INCIDENT_RATE,0.3625,0.2625,0.225,0.1125,0.05,0.0375,Inspect recent payment lifecycle incidents and reconciliation states.
2026-08-29T21:15:00,2026-08-29T21:30:00,MIXED_RISK_SPIKE,True,CRITICAL,PAYMENT_INCIDENT_RATE,0.2875,0.25,0.1875,0.1,0.0375,0.0625,Inspect recent payment lifecycle incidents and reconciliation states.
2026-08-29T21:30:00,2026-08-29T21:45:00,MIXED_RISK_SPIKE,True,CRITICAL,PAYMENT_INCIDENT_RATE,0.375,0.3,0.2625,0.15,0.0375,0.0375,Inspect recent payment lifecycle incidents and reconciliation states.
2026-08-29T21:45:00,2026-08-29T22:00:00,MIXED_RISK_SPIKE,True,CRITICAL,CRITICAL_HIGH_INCIDENT_RATE,0.35,0.3125,0.3,0.1625,0.025,0.0125,Prioritize high and critical payment incident response.
2026-08-29T22:00:00,2026-08-29T22:15:00,MIXED_RISK_SPIKE,True,CRITICAL,CRITICAL_HIGH_INCIDENT_RATE,0.35,0.2625,0.25,0.125,0.05,0.0125,Prioritize high and critical payment incident response.
2026-08-29T22:15:00,2026-08-29T22:30:00,MIXED_RISK_SPIKE,True,CRITICAL,PAYMENT_INCIDENT_RATE,0.3625,0.225,0.1875,0.1,0.05,0.0375,Inspect recent payment lifecycle incidents and reconciliation states.
2026-08-29T22:30:00,2026-08-29T22:45:00,MIXED_RISK_SPIKE,True,CRITICAL,PAYMENT_INCIDENT_RATE,0.25,0.2625,0.1875,0.075,0.05,0.075,Inspect recent payment lifecycle incidents and reconciliation states.
2026-08-29T22:45:00,2026-08-29T23:00:00,MIXED_RISK_SPIKE,True,CRITICAL,PAYMENT_INCIDENT_RATE,0.3375,0.2875,0.225,0.1375,0.05,0.0625,Inspect recent payment lifecycle incidents and reconciliation states.
2026-08-29T23:00:00,2026-08-29T23:15:00,MIXED_RISK_SPIKE,True,CRITICAL,PAYMENT_INCIDENT_RATE,0.25,0.2,0.1625,0.05,0.0625,0.0375,Inspect recent payment lifecycle incidents and reconciliation states.
2026-08-29T23:15:00,2026-08-29T23:30:00,MIXED_RISK_SPIKE,True,CRITICAL,RETRY_RISK_RATE,0.325,0.2875,0.1875,0.1,0.05,0.1,Inspect retry patterns and unresolved earlier payment attempts.
2026-08-29T23:30:00,2026-08-29T23:45:00,MIXED_RISK_SPIKE,True,CRITICAL,PAYMENT_INCIDENT_RATE,0.2875,0.2625,0.225,0.0875,0.05,0.0375,Inspect recent payment lifecycle incidents and reconciliation states.
2026-08-29T23:45:00,2026-08-30T00:00:00,MIXED_RISK_SPIKE,True,CRITICAL,RETRY_RISK_RATE,0.3125,0.2375,0.125,0.05,0.0375,0.1125,Inspect retry patterns and unresolved earlier payment attempts.
2026-08-30T00:00:00,2026-08-30T00:15:00,MIXED_RISK_SPIKE,True,CRITICAL,COMPLAINT_ESCALATION_RATE,0.3875,0.2125,0.15,0.05,0.0875,0.0625,Review unresolved customer complaints and refund status.
2026-08-30T00:15:00,2026-08-30T00:30:00,MIXED_RISK_SPIKE,True,CRITICAL,PAYMENT_INCIDENT_RATE,0.325,0.2625,0.225,0.15,0.05,0.0375,Inspect recent payment lifecycle incidents and reconciliation states.
2026-08-30T00:30:00,2026-08-30T00:45:00,MIXED_RISK_SPIKE,True,CRITICAL,CRITICAL_HIGH_INCIDENT_RATE,0.275,0.2875,0.2625,0.125,0.075,0.025,Prioritize high and critical payment incident response.
2026-08-30T00:45:00,2026-08-30T01:00:00,MIXED_RISK_SPIKE,True,CRITICAL,PAYMENT_INCIDENT_RATE,0.2875,0.225,0.1625,0.0375,0.05,0.0625,Inspect recent payment lifecycle incidents and reconciliation states.
2026-08-30T01:00:00,2026-08-30T01:15:00,MIXED_RISK_SPIKE,True,CRITICAL,PAYMENT_INCIDENT_RATE,0.2375,0.375,0.2625,0.125,0.075,0.1125,Inspect recent payment lifecycle incidents and reconciliation states.
2026-08-30T01:15:00,2026-08-30T01:30:00,MIXED_RISK_SPIKE,True,CRITICAL,PAYMENT_INCIDENT_RATE,0.3375,0.3,0.2625,0.1375,0.05,0.0375,Inspect recent payment lifecycle incidents and reconciliation states.
2026-08-30T01:30:00,2026-08-30T01:45:00,MIXED_RISK_SPIKE,True,CRITICAL,RETRY_RISK_RATE,0.3375,0.3,0.1875,0.1125,0.05,0.1125,Inspect retry patterns and unresolved earlier payment attempts.
2026-08-30T01:45:00,2026-08-30T02:00:00,MIXED_RISK_SPIKE,True,CRITICAL,PAYMENT_INCIDENT_RATE,0.2,0.35,0.2875,0.1875,0.0125,0.0625,Inspect recent payment lifecycle incidents and reconciliation states.
2026-08-30T02:00:00,2026-08-30T02:15:00,MIXED_RISK_SPIKE,True,CRITICAL,PAYMENT_INCIDENT_RATE,0.375,0.3875,0.2875,0.15,0.0625,0.1,Inspect recent payment lifecycle incidents and reconciliation states.
2026-08-30T02:15:00,2026-08-30T02:30:00,MIXED_RISK_SPIKE,True,CRITICAL,PAYMENT_INCIDENT_RATE,0.2625,0.225,0.2,0.0625,0.0375,0.025,Inspect recent payment lifecycle incidents and reconciliation states.
2026-08-30T02:30:00,2026-08-30T02:45:00,MIXED_RISK_SPIKE,True,CRITICAL,CRITICAL_HIGH_INCIDENT_RATE,0.3875,0.325,0.3,0.175,0.075,0.025,Prioritize high and critical payment incident response.
2026-08-30T02:45:00,2026-08-30T03:00:00,MIXED_RISK_SPIKE,True,CRITICAL,PAYMENT_INCIDENT_RATE,0.35,0.275,0.2375,0.15,0.0625,0.0375,Inspect recent payment lifecycle incidents and reconciliation states.
2026-08-30T03:00:00,2026-08-30T03:15:00,MIXED_RISK_SPIKE,True,CRITICAL,CRITICAL_HIGH_INCIDENT_RATE,0.375,0.3375,0.3125,0.2,0.0625,0.025,Prioritize high and critical payment incident response.
2026-08-30T03:15:00,2026-08-30T03:30:00,MIXED_RISK_SPIKE,True,CRITICAL,PAYMENT_INCIDENT_RATE,0.3875,0.3625,0.2625,0.1375,0.05,0.1,Inspect recent payment lifecycle incidents and reconciliation states.
2026-08-30T03:30:00,2026-08-30T03:45:00,MIXED_RISK_SPIKE,True,CRITICAL,PAYMENT_INCIDENT_RATE,0.3125,0.225,0.175,0.125,0.0125,0.05,Inspect recent payment lifecycle incidents and reconciliation states.
2026-08-30T03:45:00,2026-08-30T04:00:00,MIXED_RISK_SPIKE,True,CRITICAL,RETRY_RISK_RATE,0.3375,0.2375,0.15,0.1,0.025,0.0875,Inspect retry patterns and unresolved earlier payment attempts.
2026-08-30T04:00:00,2026-08-30T04:15:00,MIXED_RISK_SPIKE,True,CRITICAL,PAYMENT_INCIDENT_RATE,0.35,0.275,0.2125,0.1125,0.025,0.0625,Inspect recent payment lifecycle incidents and reconciliation states.
2026-08-30T04:15:00,2026-08-30T04:30:00,MIXED_RISK_SPIKE,True,CRITICAL,PAYMENT_INCIDENT_RATE,0.375,0.2375,0.175,0.1,0.05,0.0625,Inspect recent payment lifecycle incidents and reconciliation states.
2026-08-30T04:30:00,2026-08-30T04:45:00,MIXED_RISK_SPIKE,True,CRITICAL,PAYMENT_INCIDENT_RATE,0.3375,0.2875,0.2375,0.125,0.075,0.05,Inspect recent payment lifecycle incidents and reconciliation states.
2026-08-30T04:45:00,2026-08-30T05:00:00,MIXED_RISK_SPIKE,True,CRITICAL,COMPLAINT_ESCALATION_RATE,0.325,0.1875,0.1625,0.0625,0.0625,0.025,Review unresolved customer complaints and refund status.
2026-08-30T05:00:00,2026-08-30T05:15:00,MIXED_RISK_SPIKE,True,CRITICAL,PAYMENT_INCIDENT_RATE,0.275,0.3,0.2625,0.1375,0.075,0.0375,Inspect recent payment lifecycle incidents and reconciliation states.
2026-08-30T05:15:00,2026-08-30T05:30:00,MIXED_RISK_SPIKE,True,CRITICAL,CRITICAL_HIGH_INCIDENT_RATE,0.325,0.275,0.25,0.0875,0.075,0.025,Prioritize high and critical payment incident response.
2026-08-30T05:30:00,2026-08-30T05:45:00,RECOVERY,False,CRITICAL,PAYMENT_INCIDENT_RATE,0.1,0.0875,0.05,0.0125,0.0125,0.0375,Inspect recent payment lifecycle incidents and reconciliation states.
2026-08-30T05:45:00,2026-08-30T06:00:00,RECOVERY,False,ELEVATED,PAYMENT_INCIDENT_RATE,0.1375,0.05,0.05,0.025,0.0,0.0,Inspect recent payment lifecycle incidents and reconciliation states.
2026-08-30T06:00:00,2026-08-30T06:15:00,RECOVERY,False,NORMAL,PAYMENT_INCIDENT_RATE,0.125,0.0625,0.05,0.0375,0.0,0.0125,Inspect recent payment lifecycle incidents and reconciliation states.
2026-08-30T06:15:00,2026-08-30T06:30:00,RECOVERY,False,ELEVATED,CAPTURED_UNFULFILLED_RATE,0.1,0.0625,0.0625,0.0125,0.0,0.0,Check orders captured without fulfilment and reconcile service delivery.
2026-08-30T06:30:00,2026-08-30T06:45:00,RECOVERY,False,NORMAL,CAPTURED_UNFULFILLED_RATE,0.1125,0.0125,0.0125,0.0125,0.0,0.0,Check orders captured without fulfilment and reconcile service delivery.
2026-08-30T06:45:00,2026-08-30T07:00:00,RECOVERY,False,NORMAL,CAPTURED_UNFULFILLED_RATE,0.125,0.0625,0.0625,0.025,0.0,0.0,Check orders captured without fulfilment and reconcile service delivery.
2026-08-30T07:00:00,2026-08-30T07:15:00,RECOVERY,False,NORMAL,CAPTURED_UNFULFILLED_RATE,0.05,0.0625,0.05,0.0125,0.0,0.0125,Check orders captured without fulfilment and reconcile service delivery.
2026-08-30T07:15:00,2026-08-30T07:30:00,RECOVERY,False,ELEVATED,MEAN_FRAUD_RISK,0.1625,0.0625,0.0375,0.0375,0.0,0.025,Review the recent transaction fraud-risk distribution.
2026-08-30T07:30:00,2026-08-30T07:45:00,RECOVERY,False,NORMAL,RETRY_RISK_RATE,0.0875,0.0375,0.0125,0.0125,0.0,0.025,Inspect retry patterns and unresolved earlier payment attempts.
2026-08-30T07:45:00,2026-08-30T08:00:00,RECOVERY,False,NORMAL,VERY_HIGH_RISK_RATE,0.1375,0.0375,0.025,0.0125,0.0,0.0125,Inspect the highest-risk transactions and analyst review queue.
2026-08-30T08:00:00,2026-08-30T08:15:00,RECOVERY,False,NORMAL,DEBIT_SERVICE_MISMATCH_RATE,0.1125,0.05,0.05,0.0375,0.0,0.0,Check payment callback and reconciliation flow for delayed or failed status updates.
2026-08-30T08:15:00,2026-08-30T08:30:00,RECOVERY,False,NORMAL,DEBIT_SERVICE_MISMATCH_RATE,0.125,0.05,0.0375,0.0375,0.0,0.0125,Check payment callback and reconciliation flow for delayed or failed status updates.
2026-08-30T08:30:00,2026-08-30T08:45:00,RECOVERY,False,NORMAL,COMPLAINT_ESCALATION_RATE,0.1125,0.0375,0.025,0.0,0.0125,0.0125,Review unresolved customer complaints and refund status.
2026-08-30T08:45:00,2026-08-30T09:00:00,RECOVERY,False,NORMAL,PAYMENT_INCIDENT_RATE,0.125,0.075,0.0625,0.025,0.0125,0.0125,Inspect recent payment lifecycle incidents and reconciliation states.
2026-08-30T09:00:00,2026-08-30T09:15:00,RECOVERY,False,ELEVATED,CRITICAL_HIGH_INCIDENT_RATE,0.0625,0.1125,0.1,0.0625,0.0,0.0125,Prioritize high and critical payment incident response.
2026-08-30T09:15:00,2026-08-30T09:30:00,RECOVERY,False,NORMAL,MEAN_FRAUD_RISK,0.15,0.0375,0.0375,0.0125,0.0,0.0,Review the recent transaction fraud-risk distribution.
2026-08-30T09:30:00,2026-08-30T09:45:00,RECOVERY,False,NORMAL,VERY_HIGH_RISK_RATE,0.1,0.0375,0.025,0.0,0.0,0.0125,Inspect the highest-risk transactions and analyst review queue.
2026-08-30T09:45:00,2026-08-30T10:00:00,RECOVERY,False,NORMAL,REVIEW_RATE,0.15,0.05,0.0375,0.0125,0.0,0.0125,Inspect the highest-risk transactions and analyst review queue.
2026-08-30T10:00:00,2026-08-30T10:15:00,RECOVERY,False,ELEVATED,MEAN_FRAUD_RISK,0.1875,0.0125,0.0125,0.0125,0.0,0.0,Review the recent transaction fraud-risk distribution.
2026-08-30T10:15:00,2026-08-30T10:30:00,RECOVERY,False,NORMAL,REVIEW_RATE,0.1375,0.0375,0.0375,0.0125,0.0,0.0,Inspect the highest-risk transactions and analyst review queue.
2026-08-30T10:30:00,2026-08-30T10:45:00,RECOVERY,False,NORMAL,RETRY_RISK_RATE,0.1,0.0375,0.025,0.0125,0.0,0.0125,Inspect retry patterns and unresolved earlier payment attempts.
2026-08-30T10:45:00,2026-08-30T11:00:00,RECOVERY,False,NORMAL,REVIEW_RATE,0.15,0.025,0.025,0.025,0.0,0.0,Inspect the highest-risk transactions and analyst review queue.
2026-08-30T11:00:00,2026-08-30T11:15:00,RECOVERY,False,NORMAL,CAPTURED_UNFULFILLED_RATE,0.05,0.05,0.05,0.025,0.0,0.0,Check orders captured without fulfilment and reconcile service delivery.
2026-08-30T11:15:00,2026-08-30T11:30:00,RECOVERY,False,NORMAL,DEBIT_SERVICE_MISMATCH_RATE,0.1,0.075,0.0625,0.05,0.0,0.0125,Check payment callback and reconciliation flow for delayed or failed status updates.
2026-08-30T11:30:00,2026-08-30T11:45:00,RECOVERY,False,HIGH,RETRY_RISK_RATE,0.1,0.0875,0.05,0.025,0.0125,0.0375,Inspect retry patterns and unresolved earlier payment attempts.
2026-08-30T11:45:00,2026-08-30T12:00:00,RECOVERY,False,NORMAL,VERY_HIGH_RISK_RATE,0.1,0.0375,0.025,0.0125,0.0,0.0125,Inspect the highest-risk transactions and analyst review queue.
2026-08-30T12:00:00,2026-08-30T12:15:00,RECOVERY,False,NORMAL,PAYMENT_INCIDENT_RATE,0.075,0.075,0.0625,0.0375,0.0,0.0125,Inspect recent payment lifecycle incidents and reconciliation states.
2026-08-30T12:15:00,2026-08-30T12:30:00,RECOVERY,False,NORMAL,DEBIT_SERVICE_MISMATCH_RATE,0.1375,0.075,0.0625,0.05,0.0,0.0125,Check payment callback and reconciliation flow for delayed or failed status updates.
2026-08-30T12:30:00,2026-08-30T12:45:00,RECOVERY,False,ELEVATED,COMPLAINT_ESCALATION_RATE,0.175,0.05,0.0375,0.0,0.025,0.0125,Review unresolved customer complaints and refund status.
2026-08-30T12:45:00,2026-08-30T13:00:00,RECOVERY,False,NORMAL,CAPTURED_UNFULFILLED_RATE,0.1125,0.05,0.05,0.025,0.0,0.0,Check orders captured without fulfilment and reconcile service delivery.
2026-08-30T13:00:00,2026-08-30T13:15:00,RECOVERY,False,ELEVATED,CRITICAL_HIGH_INCIDENT_RATE,0.125,0.125,0.1125,0.0625,0.0125,0.0125,Prioritize high and critical payment incident response.
2026-08-30T13:15:00,2026-08-30T13:30:00,RECOVERY,False,NORMAL,CAPTURED_UNFULFILLED_RATE,0.0625,0.025,0.025,0.0125,0.0,0.0,Check orders captured without fulfilment and reconcile service delivery.
2026-08-30T13:30:00,2026-08-30T13:45:00,RECOVERY,False,NORMAL,MEAN_FRAUD_RISK,0.1625,0.0875,0.075,0.0375,0.0125,0.0125,Review the recent transaction fraud-risk distribution.
2026-08-30T13:45:00,2026-08-30T14:00:00,RECOVERY,False,ELEVATED,COMPLAINT_ESCALATION_RATE,0.1125,0.1,0.0875,0.05,0.025,0.0125,Review unresolved customer complaints and refund status.
2026-08-30T14:00:00,2026-08-30T14:15:00,RECOVERY,False,NORMAL,CAPTURED_UNFULFILLED_RATE,0.075,0.0875,0.0625,0.025,0.0,0.025,Check orders captured without fulfilment and reconcile service delivery.
2026-08-30T14:15:00,2026-08-30T14:30:00,RECOVERY,False,ELEVATED,VERY_HIGH_RISK_RATE,0.1375,0.0625,0.0625,0.0375,0.0125,0.0,Inspect the highest-risk transactions and analyst review queue.
2026-08-30T14:30:00,2026-08-30T14:45:00,RECOVERY,False,ELEVATED,VERY_HIGH_RISK_RATE,0.1625,0.025,0.025,0.025,0.0,0.0,Inspect the highest-risk transactions and analyst review queue.
2026-08-30T14:45:00,2026-08-30T15:00:00,RECOVERY,False,NORMAL,RETRY_RISK_RATE,0.1125,0.0375,0.0125,0.0,0.0,0.025,Inspect retry patterns and unresolved earlier payment attempts.
2026-08-30T15:00:00,2026-08-30T15:15:00,RECOVERY,False,NORMAL,CAPTURED_UNFULFILLED_RATE,0.1125,0.05,0.05,0.025,0.0,0.0,Check orders captured without fulfilment and reconcile service delivery.
2026-08-30T15:15:00,2026-08-30T15:30:00,RECOVERY,False,NORMAL,CRITICAL_HIGH_INCIDENT_RATE,0.1625,0.0875,0.0875,0.0375,0.0125,0.0,Prioritize high and critical payment incident response.
